Workbook
Name DS_Mon: PhanCong!$A$3:$A$18

Sheet HuongDan
A1: HƯỚNG DẪN — PHIÊN BẢN 9 LỚP + RÀNG BUỘC SƯ PHẠM
A3: Nhập liệu: PhanCong (GV — lớp 6C đang tạm chép từ 6B, HÃY SỬA LẠI), SoTiet (định mức), GV_Ban (GV nghỉ/bận), TKB_Nhap (vị trí tiết).
A4: Tự động: TKB (in), TKB_GV (đỏ = trùng GV), KiemTra (đỏ = lệch định mức; tổng tiết mỗi lớp so với khung 29–30 + buổi 2).
A6: MACRO XepTKB (Alt+F8) tự xếp với đầy đủ ràng buộc:
A7: Hệ thống: không trùng GV, không trùng lớp (1 ô 1 môn), đúng định mức SoTiet từng môn/lớp (⇒ đủ tiết GV).
A8: Sư phạm: mỗi môn ≤1 tiết/ngày (riêng Ngữ văn được tiết kép — 2 tiết LIỀN nhau cùng buổi);
A9: không quá 3 tiết 'môn nặng' (Toán, Văn, KHTN Lý/Hoá) liên tiếp trong 1 buổi; Thể dục tránh tiết 5;
A10: ưu tiên rải đều các tiết cùng môn cách ngày; chào cờ = HĐTN Thứ 2 tiết 1; sinh hoạt lớp = HĐTN tiết cuối Thứ 7.
A11: Số tiết/ngày do khung tiết quyết định (sheet ẩn Khung): ngày 2 buổi 7 tiết, ngày 1 buổi 5 tiết — đã đúng chuẩn.
A12: Chế độ giữ lịch tối đa: chỉ đổi các ô bắt buộc, báo rõ số ô giữ/đổi.
A14: Lần đầu sau khi thêm 6C: KiemTra sẽ đỏ ở cột 6C (chưa xếp tiết) — chạy macro 1 lần để điền.
A16: ĐỊNH MỨC GIÁO VIÊN (sheet DinhMuc_GV):
... A19: Macro v4 kiểm tra định mức trước khi xếp và thêm ràng buộc: GV không dạy quá 4 tiết/buổi (không full 5 tiết).

Sheet HuongDan_ChiTiet
B1: HƯỚNG DẪN CHI TIẾT — HỆ THỐNG XẾP THỜI KHÓA BIỂU TỰ ĐỘNG
B3: 8. CÂN BẰNG TẢI GIÁO VIÊN (ModCanBangTai)
B4: Alt+F8 → CanBangTai → tạo sheet 'DeXuat_CanBang'.
B5: Macro quét GV vượt trần (DinhMuc_GV), tìm GV nhược tải DẠY CÙNG MÔN còn quota để chuyển bớt tiết.
B6: Chỉ ĐỀ XUẤT — không tự sửa PhanCong (chuyển GV kéo theo GVCN/thực tế macro không biết).
B7: Quy trình: chạy CanBangTai → xem đề xuất → sửa tay PhanCong → chạy lại để kiểm → XepTKB.
B8: Nếu báo 'không tìm được GV nhận cùng môn': môn đó chỉ 1 GV dạy — cần phân công thêm GV hoặc chấp nhận vượt.
B9: • GV_Ban [NHẬP] — Giáo viên bận/nghỉ theo Thứ/Buổi/Tiết. Macro sẽ né các ô này.
B10: • DinhMuc_GV[NHẬP] — Chức vụ GV → trần tiết (19 − giảm trừ). Cột 'Vượt' đỏ = phải sửa PhanCong.
B11: • TKB_Nhap [LÕI] — Lưới TKB. Macro ghi kết quả vào đây. Là nguồn cho mọi sheet hiển thị.
B12: • Khung [ẨN] — Bản đồ ô được phép xếp (dấu 'x'). Quyết định mẫu buổi học (S4-C3, S5...).
B13: • TuanConfig[CẤU HÌNH] — Seed mỗi tuần (B1) + lịch sử. Điều khiển 'mỗi tuần một TKB'.
... B72: • Luôn lưu file dạng .xlsm (Macro-Enabled). Lưu .xlsx sẽ MẤT toàn bộ macro.

Sheet PhanCong
A1: PHÂN CÔNG CHUYÊN MÔN — 8 lớp (2 lớp/khối, khối 6–9)
A2: Môn \ Lớp | B2: 6A7 | C2: 6A8 | D2: 6A9 | E2: 6A10 | F2: 6A11 | G2: 7A7 | H2: 7A8 | I2: 7A9 | J2: 7A10 | K2: 7A11 | L2: 8A7 | M2: 8A8 | N2: 8A9 | O2: 8A10 | P2: 8A11 | Q2: 9A8 | R2: 9A9 | S2: 9A10 | T2: 9A11 | U2: 9A12 | W2: MÃ VAI TRÒ
A3: Toán học | B3: Lại Thị Thanh Huyền | C3: Lại Thị Thanh Huyền | D3: Lê Thị Thu Hằng | E3: Lê Thị Thu Hằng | F3: Lê Thị Thu Hằng | G3: Nguyễn Thị Hà | H3: Nguyễn Thị Hà | I3: Phùng Thị Lan | J3: Hoàng Thị Thanh Thắm | K3: Phùng Thị Lan | L3: Hoàng Thị Thanh Thắm | M3: Hoàng Thị Thanh Thắm | N3: Mẫn Xuân Thắng | O3: Nguyễn Thị Hiền | P3: Nguyễn Thị Hiền | Q3: Nguyễn Thị Hà | R3: Lại Thị Thanh Huyền | S3: Phùng Thị Lan | T3: Lê Thị Thu Hằng | U3: Nguyễn Thị Hà | W3: 3
A4: Ngữ văn | B4: Ngô Thị Xuân Hương | C4: Hoàng Thị Phương Duyên | D4: Hoàng Thị Phương Duyên | E4: Nông Thị Trà | F4: Bàng Thị Phượng | G4: Triệu Thị Luyến | H4: Đồng Thị Hiền | I4: Bùi Thị Mỹ Hạnh | J4: Bùi Thị Mỹ Hạnh | K4: Hoàng Thị Kiều Loan | L4: Phan Thị Thùy Linh | M4: Ngô Thị Xuân Hương | N4: Nguyễn Thị Thu Hương | O4: Hoàng Thị Phương Duyên | P4: Ngô Thị Xuân Hương | Q4: Đồng Thị Hiền | R4: Phan Thị Thùy Linh | S4: Bùi Thị Mỹ Hạnh | T4: Nguyễn Thị Thu Hương | U4: Triệu Thị Luyến | W4: 3
A5: Tiếng Anh | B5: Nguyễn Thị Hồng Minh | C5: Nguyễn Thị Hồng Minh | D5: Phan Thị Minh | E5: Phan Thị Minh | F5: Nguyễn Thị Hồng Minh | G5: Nguyễn Đình Tiến | H5: Nguyễn Đình Tiến | I5: Nguyễn Đình Tiến | J5: Nguyễn Thị Hồng Minh | K5: Nguyễn Thị Hồng Minh | L5: Trần Đức Ngân | M5: Nguyễn Thị Hồng Minh | N5: Trần Đức Ngân | O5: Trần Đức Ngân | P5: Trần Đức Ngân | Q5: Nguyễn Đình Tiến | R5: Nguyễn Đình Tiến | S5: Phan Thị Minh | T5: Phan Thị Minh | U5: Trần Đức Ngân | W5: 1
A6: Khoa học tự nhiên (Vật lý) | B6: Đỗ Thị Thu Hiền | C6: Đỗ Thị Thu Hiền | D6: Đỗ Thị Thu Hiền | E6: Đỗ Thị Thu Hiền | F6: Đỗ Thị Thu Hiền | G6: Trương Thị Thu Hương | H6: Trương Thị Thu Hương | I6: Trương Thị Thu Hương | J6: Trương Thị Thu Hương | K6: Trương Thị Thu Hương | L6: Đỗ Thị Thu Hiền | M6: Đỗ Thị Thu Hiền | N6: Đỗ Thị Thu Hiền | O6: Đỗ Thị Thu Hiền | P6: Đỗ Thị Thu Hiền | Q6: Trương Thị Thu Hương | R6: Trương Thị Thu Hương | S6: Trương Thị Thu Hương | T6: Trương Thị Thu Hương | U6: Trương Thị Thu Hương | W6: 0
A7: Khoa học tự nhiên (Hóa học) | B7: Trần Thị Liễu | C7: Trần Thị Liễu | D7: Trần Thị Liễu | E7: Trần Thị Liễu | F7: Trần Thị Liễu | G7: Trần Thị Liễu | H7: Trần Thị Liễu | I7: Trần Thị Liễu | J7: Trần Thị Liễu | K7: Trần Thị Liễu | L7: Trần Thị Liễu | M7: Trần Thị Liễu | N7: Trần Thị Liễu | O7: Trần Thị Liễu | P7: Trần Thị Liễu | Q7: Trần Thị Liễu | R7: Trần Thị Liễu | S7: Trần Thị Liễu | T7: Trần Thị Liễu | U7: Trần Thị Liễu | W7: 0
A8: Khoa học tự nhiên (Sinh học) | B8: Hà Thị Hải Yến | C8: Hà Thị Hải Yến | D8: Hà Thị Hải Yến | E8: Hà Thị Hải Yến | F8: Hà Thị Hải Yến | G8: Đoàn Tiến Quân | H8: Nguyễn Ánh Hồng | I8: Nguyễn Ánh Hồng | J8: Nguyễn Ánh Hồng | K8: Nguyễn Ánh Hồng | L8: Trần Thị Quỳnh Hằng | M8: Trần Thị Quỳnh Hằng | N8: Trần Thị Quỳnh Hằng | O8: Hà Thị Hải Yến | P8: Trần Thị Quỳnh Hằng | Q8: Hà Thị Hải Yến | R8: Hà Thị Hải Yến | S8: Hà Thị Hải Yến | T8: Hà Thị Hải Yến | U8: Hà Thị Hải Yến | W8: 0
A9: Lịch sử và Địa Lý (Lịch sử) | B9: Nguyễn Thị Thu Hương | C9: Nguyễn Thị Thu Hương | D9: Nguyễn Thị Thu Hương | E9: Nguyễn Thị Thu Hương | F9: Nguyễn Thị Thu Hương | G9: Bùi Thị Hòa | H9: Bùi Thị Hòa | I9: Nguyễn Thị Thu Hương | J9: Nguyễn Thị Thu Hương | K9: Bùi Thị Hòa | L9: Bùi Thị Hòa | M9: Bùi Thị Hòa | N9: Bùi Thị Hòa | O9: Bùi Thị Hòa | P9: Bùi Thị Hòa | Q9: Đồng Thị Hiền | R9: Bùi Thị Hòa | S9: Đồng Thị Hiền | T9: Bùi Thị Hòa | U9: Bùi Thị Hòa | W9: 0
A10: Lịch sử và Địa Lý (Địa lý) | B10: Vũ Thị Bích Hằng | C10: Vũ Thị Bích Hằng | D10: Vũ Thị Bích Hằng | E10: Vũ Thị Bích Hằng | F10: Vũ Thị Bích Hằng | G10: Vũ Thị Bích Hằng | H10: Vũ Thị Bích Hằng | I10: Vũ Thị Bích Hằng | J10: Vũ Thị Bích Hằng | K10: Vũ Thị Bích Hằng | L10: Chu Diệu Linh | M10: Chu Diệu Linh | N10: Chu Diệu Linh | O10: Chu Diệu Linh | P10: Chu Diệu Linh | Q10: Chu Diệu Linh | R10: Chu Diệu Linh | S10: Chu Diệu Linh | T10: Chu Diệu Linh | U10: Chu Diệu Linh | W10: 0
A11: GDCD | B11: Hoàng Thị Kiều Loan | C11: Hoàng Thị Kiều Loan | D11: Hoàng Thị Kiều Loan | E11: Hoàng Thị Kiều Loan | F11: Hoàng Thị Kiều Loan | G11: Bàng Thị Phượng | H11: Bàng Thị Phượng | I11: Bàng Thị Phượng | J11: Bàng Thị Phượng | K11: Bàng Thị Phượng | L11: Bùi Thị Mỹ Hạnh | M11: Bùi Thị Mỹ Hạnh | N11: Bùi Thị Mỹ Hạnh | O11: Bùi Thị Mỹ Hạnh | P11: Bùi Thị Mỹ Hạnh | Q11: Hoàng Thị Phương Duyên | R11: Hoàng Thị Phương Duyên | S11: Hoàng Thị Phương Duyên | T11: Hoàng Thị Phương Duyên | U11: Hoàng Thị Phương Duyên | W11: 0
A12: Công nghệ | B12: Vũ Thị Bích Hằng | C12: Vũ Thị Bích Hằng | D12: Vũ Thị Bích Hằng | E12: Vũ Thị Bích Hằng | F12: Bàng Như Quỳnh | G12: Hoàng Thị Kiều Loan | H12: Lương Thị Thu Hiền | I12: Lương Thị Thu Hiền | J12: Lương Thị Thu Hiền | K12: Lương Thị Thu Hiền | L12: Mẫn Xuân Thắng | M12: Mẫn Xuân Thắng | N12: Mẫn Xuân Thắng | O12: Mẫn Xuân Thắng | P12: Mẫn Xuân Thắng | Q12: Mẫn Xuân Thắng | R12: Mẫn Xuân Thắng | S12: Mẫn Xuân Thắng | T12: Mẫn Xuân Thắng | U12: Mẫn Xuân Thắng | W12: 0
A13: Tin học | B13: Lương Thị Thu Hiền | C13: Lương Thị Thu Hiền | D13: Lương Thị Thu Hiền | E13: Lương Thị Thu Hiền | F13: Lương Thị Thu Hiền | G13: Lương Thị Thu Hiền | H13: Lương Thị Thu Hiền | I13: Lương Thị Thu Hiền | J13: Lương Thị Thu Hiền | K13: Lương Thị Thu Hiền | L13: Lương Thị Thu Hiền | M13: Lương Thị Thu Hiền | N13: Lương Thị Thu Hiền | O13: Lương Thị Thu Hiền | P13: Lương Thị Thu Hiền | Q13: Nguyễn Thị Hiền | R13: Nguyễn Thị Hiền | S13: Nguyễn Thị Hiền | T13: Nguyễn Thị Hiền | U13: Nguyễn Thị Hiền | W13: 0
A14: Giáo dục thể chất | B14: Lê Văn Hậu | C14: Lê Văn Hậu | D14: Lê Văn Hậu | E14: Lê Văn Hậu | F14: Lê Văn Hậu | G14: Lê Văn Hậu | H14: Lê Văn Hậu | I14: Lê Văn Hậu | J14: Lê Văn Hậu | K14: Lê Văn Hậu | L14: GV môn GDTC | M14: GV môn GDTC | N14: GV môn GDTC | O14: GV môn GDTC | P14: Bùi Đức Anh | Q14: GV môn GDTC | R14: GV môn GDTC | S14: GV môn GDTC | T14: GV môn GDTC | U14: GV môn GDTC | W14: 4
... A18: Nghệ thuật (Mỹ thuật) | B18: Lý Thị Duyên | C18: Lý Thị Duyên | D18: Lý Thị Duyên | E18: Lý Thị Duyên | F18: Lý Thị Duyên | G18: Lê Thị Minh Anh | H18: Lê Thị Minh Anh | I18: Lê Thị Minh Anh | J18: Lê Thị Minh Anh | K18: Ngô Thuý Vân | L18: Lý Thị Duyên | M18: Lý Thị Duyên | N18: Lý Thị Duyên | O18: Lý Thị Duyên | P18: Lý Thị Duyên | Q18: Lý Thị Duyên | R18: Lý Thị Duyên | S18: Lý Thị Duyên | T18: Lý Thị Duyên | U18: Lý Thị Duyên | W18: 0

Sheet SoTiet
A1: ĐỊNH MỨC TIẾT/TUẦN — (C)=chẵn, (L)=lẻ. Môn .5: chẵn=2 lẻ=1
A2: Môn \ Lớp | B2: 6A7 C | C2: 6A8 C | D2: 6A9 C | E2: 6A10 C | F2: 6A11 C | G2: 7A7 C | H2: 7A8 C | I2: 7A9 C | J2: 7A10 C | K2: 7A11 C | L2: 8A7 C | M2: 8A8 C | N2: 8A9 C | O2: 8A10 C | P2: 8A11 C | Q2: 9A8 C | R2: 9A9 C | S2: 9A10 C | T2: 9A11 C | U2: 9A12 C | W2: 6A7 L | X2: 6A8 L | Y2: 6A9 L | Z2: 6A10 L | AA2: 6A11 L | AB2: 7A7 L | AC2: 7A8 L | AD2: 7A9 L | AE2: 7A10 L | AF2: 7A11 L | AG2: 8A7 L | AH2: 8A8 L | AI2: 8A9 L | AJ2: 8A10 L | AK2: 8A11 L | AL2: 9A8 L | AM2: 9A9 L | AN2: 9A10 L | AO2: 9A11 L | AP2: 9A12 L
A3: Toán học | B3: 4 | C3: 4 | D3: 4 | E3: 4 | F3: 4 | G3: 4 | H3: 4 | I3: 4 | J3: 4 | K3: 4 | L3: 4 | M3: 4 | N3: 4 | O3: 4 | P3: 4 | Q3: 4 | R3: 4 | S3: 4 | T3: 4 | U3: 4 | W3: 4 | X3: 4 | Y3: 4 | Z3: 4 | AA3: 4 | AB3: 4 | AC3: 4 | AD3: 4 | AE3: 4 | AF3: 4 | AG3: 4 | AH3: 4 | AI3: 4 | AJ3: 4 | AK3: 4 | AL3: 4 | AM3: 4 | AN3: 4 | AO3: 4 | AP3: 4
A4: Ngữ văn | B4: 4 | C4: 4 | D4: 4 | E4: 4 | F4: 4 | G4: 4 | H4: 4 | I4: 4 | J4: 4 | K4: 4 | L4: 4 | M4: 4 | N4: 4 | O4: 4 | P4: 4 | Q4: 4 | R4: 4 | S4: 4 | T4: 4 | U4: 4 | W4: 4 | X4: 4 | Y4: 4 | Z4: 4 | AA4: 4 | AB4: 4 | AC4: 4 | AD4: 4 | AE4: 4 | AF4: 4 | AG4: 4 | AH4: 4 | AI4: 4 | AJ4: 4 | AK4: 4 | AL4: 4 | AM4: 4 | AN4: 4 | AO4: 4 | AP4: 4
A5: Tiếng Anh | B5: 3 | C5: 3 | D5: 3 | E5: 3 | F5: 3 | G5: 3 | H5: 3 | I5: 3 | J5: 3 | K5: 3 | L5: 3 | M5: 3 | N5: 3 | O5: 3 | P5: 3 | Q5: 3 | R5: 3 | S5: 3 | T5: 3 | U5: 3 | W5: 3 | X5: 3 | Y5: 3 | Z5: 3 | AA5: 3 | AB5: 3 | AC5: 3 | AD5: 3 | AE5: 3 | AF5: 3 | AG5: 3 | AH5: 3 | AI5: 3 | AJ5: 3 | AK5: 3 | AL5: 3 | AM5: 3 | AN5: 3 | AO5: 3 | AP5: 3
A6: Khoa học tự nhiên (Vật lý) | B6: 2 | C6: 2 | D6: 2 | E6: 2 | F6: 2 | G6: 1 | H6: 1 | I6: 1 | J6: 1 | K6: 1 | L6: 1 | M6: 1 | N6: 1 | O6: 1 | P6: 1 | Q6: 2 | R6: 2 | S6: 2 | T6: 2 | U6: 2 | W6: 2 | X6: 2 | Y6: 2 | Z6: 2 | AA6: 2 | AB6: 1 | AC6: 1 | AD6: 1 | AE6: 1 | AF6: 1 | AG6: 1 | AH6: 1 | AI6: 1 | AJ6: 1 | AK6: 1 | AL6: 2 | AM6: 2 | AN6: 2 | AO6: 2 | AP6: 2
A7: Khoa học tự nhiên (Hóa học) | B7: 1 | C7: 1 | D7: 1 | E7: 1 | F7: 1 | G7: 1 | H7: 1 | I7: 1 | J7: 1 | K7: 1 | L7: 1 | M7: 1 | N7: 1 | O7: 1 | P7: 1 | Q7: 1 | R7: 1 | S7: 1 | T7: 1 | U7: 1 | W7: 1 | X7: 1 | Y7: 1 | Z7: 1 | AA7: 1 | AB7: 1 | AC7: 1 | AD7: 1 | AE7: 1 | AF7: 1 | AG7: 1 | AH7: 1 | AI7: 1 | AJ7: 1 | AK7: 1 | AL7: 1 | AM7: 1 | AN7: 1 | AO7: 1 | AP7: 1
A8: Khoa học tự nhiên (Sinh học) | B8: 1 | C8: 1 | D8: 1 | E8: 1 | F8: 1 | G8: 2 | H8: 2 | I8: 2 | J8: 2 | K8: 2 | L8: 2 | M8: 2 | N8: 2 | O8: 2 | P8: 2 | Q8: 1 | R8: 1 | S8: 1 | T8: 1 | U8: 1 | W8: 1 | X8: 1 | Y8: 1 | Z8: 1 | AA8: 1 | AB8: 2 | AC8: 2 | AD8: 2 | AE8: 2 | AF8: 2 | AG8: 2 | AH8: 2 | AI8: 2 | AJ8: 2 | AK8: 2 | AL8: 1 | AM8: 1 | AN8: 1 | AO8: 1 | AP8: 1
A9: Lịch sử và Địa Lý (Lịch sử) | B9: 1 | C9: 1 | D9: 1 | E9: 1 | F9: 1 | G9: 2 | H9: 2 | I9: 2 | J9: 2 | K9: 2 | L9: 1 | M9: 1 | N9: 1 | O9: 1 | P9: 1 | Q9: 2 | R9: 2 | S9: 2 | T9: 2 | U9: 2 | W9: 1 | X9: 1 | Y9: 1 | Z9: 1 | AA9: 1 | AB9: 2 | AC9: 2 | AD9: 2 | AE9: 2 | AF9: 2 | AG9: 1 | AH9: 1 | AI9: 1 | AJ9: 1 | AK9: 1 | AL9: 2 | AM9: 2 | AN9: 2 | AO9: 2 | AP9: 2
A10: Lịch sử và Địa Lý (Địa lý) | B10: 2 | C10: 2 | D10: 2 | E10: 2 | F10: 2 | G10: 1 | H10: 1 | I10: 1 | J10: 1 | K10: 1 | L10: 2 | M10: 2 | N10: 2 | O10: 2 | P10: 2 | Q10: 1 | R10: 1 | S10: 1 | T10: 1 | U10: 1 | W10: 2 | X10: 2 | Y10: 2 | Z10: 2 | AA10: 2 | AB10: 1 | AC10: 1 | AD10: 1 | AE10: 1 | AF10: 1 | AG10: 2 | AH10: 2 | AI10: 2 | AJ10: 2 | AK10: 2 | AL10: 1 | AM10: 1 | AN10: 1 | AO10: 1 | AP10: 1
A11: GDCD | B11: 1 | C11: 1 | D11: 1 | E11: 1 | F11: 1 | G11: 1 | H11: 1 | I11: 1 | J11: 1 | K11: 1 | L11: 1 | M11: 1 | N11: 1 | O11: 1 | P11: 1 | Q11: 1 | R11: 1 | S11: 1 | T11: 1 | U11: 1 | W11: 1 | X11: 1 | Y11: 1 | Z11: 1 | AA11: 1 | AB11: 1 | AC11: 1 | AD11: 1 | AE11: 1 | AF11: 1 | AG11: 1 | AH11: 1 | AI11: 1 | AJ11: 1 | AK11: 1 | AL11: 1 | AM11: 1 | AN11: 1 | AO11: 1 | AP11: 1
A12: Công nghệ | B12: 1 | C12: 1 | D12: 1 | E12: 1 | F12: 1 | G12: 1 | H12: 1 | I12: 1 | J12: 1 | K12: 1 | L12: 1 | M12: 1 | N12: 1 | O12: 1 | P12: 1 | Q12: 2 | R12: 2 | S12: 2 | T12: 2 | U12: 2 | W12: 1 | X12: 1 | Y12: 1 | Z12: 1 | AA12: 1 | AB12: 1 | AC12: 1 | AD12: 1 | AE12: 1 | AF12: 1 | AG12: 1 | AH12: 1 | AI12: 1 | AJ12: 1 | AK12: 1 | AL12: 2 | AM12: 2 | AN12: 2 | AO12: 2 | AP12: 2
A13: Tin học | B13: 1 | C13: 1 | D13: 1 | E13: 1 | F13: 1 | G13: 1 | H13: 1 | I13: 1 | J13: 1 | K13: 1 | L13: 1 | M13: 1 | N13: 1 | O13: 1 | P13: 1 | Q13: 1 | R13: 1 | S13: 1 | T13: 1 | U13: 1 | W13: 1 | X13: 1 | Y13: 1 | Z13: 1 | AA13: 1 | AB13: 1 | AC13: 1 | AD13: 1 | AE13: 1 | AF13: 1 | AG13: 1 | AH13: 1 | AI13: 1 | AJ13: 1 | AK13: 1 | AL13: 1 | AM13: 1 | AN13: 1 | AO13: 1 | AP13: 1
A14: Giáo dục thể chất | B14: 2 | C14: 2 | D14: 2 | E14: 2 | F14: 2 | G14: 2 | H14: 2 | I14: 2 | J14: 2 | K14: 2 | L14: 2 | M14: 2 | N14: 2 | O14: 2 | P14: 2 | Q14: 2 | R14: 2 | S14: 2 | T14: 2 | U14: 2 | W14: 2 | X14: 2 | Y14: 2 | Z14: 2 | AA14: 2 | AB14: 2 | AC14: 2 | AD14: 2 | AE14: 2 | AF14: 2 | AG14: 2 | AH14: 2 | AI14: 2 | AJ14: 2 | AK14: 2 | AL14: 2 | AM14: 2 | AN14: 2 | AO14: 2 | AP14: 2
... A18: Nghệ thuật (Mỹ thuật) | B18: 1 | C18: 1 | D18: 1 | E18: 1 | F18: 1 | G18: 1 | H18: 1 | I18: 1 | J18: 1 | K18: 1 | L18: 1 | M18: 1 | N18: 1 | O18: 1 | P18: 1 | Q18: 1 | R18: 1 | S18: 1 | T18: 1 | U18: 1 | W18: 1 | X18: 1 | Y18: 1 | Z18: 1 | AA18: 1 | AB18: 1 | AC18: 1 | AD18: 1 | AE18: 1 | AF18: 1 | AG18: 1 | AH18: 1 | AI18: 1 | AJ18: 1 | AK18: 1 | AL18: 1 | AM18: 1 | AN18: 1 | AO18: 1 | AP18: 1

Sheet GV_Ban
A1: GIÁO VIÊN BẬN / XIN NGHỈ — macro né các khung giờ này, chỉ đổi tối thiểu số tiết

Sheet DinhMuc_GV
A1: ĐỊNH MỨC GIÁO VIÊN — Vượt>0 (đỏ)=quá tải. Chức vụ điền sẵn từ Sheet2. | H1: Chuẩn: | I1: 19 | K1: Chức vụ | L1: Giảm | N1: Chuẩn: | O1: 19 | Q1: Sàn tối thiểu: | R1: 15
A2: Tên GV | B2: Chức vụ | C2: Giảm trừ | D2: Trần | E2: Tải Chẵn | F2: Tải Lẻ | G2: Vượt (Chẵn) | H2: Đi T2 (1/0) | I2: GVCN (1/0) | K2: Hiệu trưởng | L2: 17
A3: Đỗ Thị Sa | B3: Hiệu trưởng | H3: 1 | I3: 0 | K3: Phó hiệu trưởng | L3: 15
A4: Đoàn Tiến Quân | B4: Phó hiệu trưởng | H4: 1 | I4: 0 | K4: Tổ trưởng | L4: 3
A5: Phan Thị Thùy Linh | B5: Tổ trưởng | H5: 1 | I5: 1 | K5: Tổ phó | L5: 1
A6: Nguyễn Thị Thu Hương | B6: GVCN | H6: 1 | I6: 1 | K6: GVCN | L6: 4
A7: Đồng Thị Hiền | B7: GVCN | H7: 1 | I7: 1 | K7: Tổng phụ trách | L7: 8
A8: Hoàng Thị Phương Duyên | B8: GVCN | H8: 1 | I8: 1 | K8: Thư ký HĐ | L8: 2
A9: Ngô Thị Xuân Hương | B9: GVCN | H9: 1 | I9: 1
A10: Bùi Thị Mỹ Hạnh | B10: GVCN | H10: 1 | I10: 1
A11: Triệu Thị Luyến | B11: GVCN | H11: 1 | I11: 1
A12: Hoàng Thị Kiều Loan | B12: HĐ235 | H12: 1 | I12: 0
A13: Bàng Thị Phượng | B13: HĐ235 | H13: 1 | I13: 0
A14: Nông Thị Trà | B14: HĐ235 | H14: 1 | I14: 0
A15: Bùi Thị Hòa | B15: GVCN | H15: 1 | I15: 1
A16: Lại Thị Thanh Huyền | B16: Tổ phó | H16: 1 | I16: 1
A17: Nguyễn Thị Hà | B17: GVCN | H17: 1 | I17: 1
A18: Mẫn Xuân Thắng | H18: 1 | I18: 0
A19: Phùng Thị Lan | B19: GVCN | H19: 1 | I19: 1
A20: Hoàng Thị Thanh Thắm | B20: GVCN | H20: 1 | I20: 1
A21: Lê Thị Thu Hằng | B21: HĐ235 / GVCN | H21: 1 | I21: 1
A22: Nguyễn Thị Hiền | B22: HĐ235 | H22: 1 | I22: 0
A23: Lương Thị Thu Hiền | B23: HĐ235 | H23: 1 | I23: 0
A24: Hà Thị Hải Yến | B24: Tổ phó | H24: 1 | I24: 1
A25: Trần Thị Liễu | B25: HĐK | H25: 1 | I25: 0
A26: Trần Thị Quỳnh Hằng | B26: HĐK | H26: 1 | I26: 0
A27: Nguyễn Ánh Hồng | B27: HĐK | H27: 1 | I27: 0
A28: Vũ Thị Bích Hằng | H28: 1 | I28: 0
A29: Chu Diệu Linh | B29: GVCN | H29: 1 | I29: 1
A30: Trương Thị Thu Hương | B30: GVCN | H30: 1 | I30: 1
A31: Đỗ Thị Thu Hiền | H31: 1 | I31: 0
A32: Lê Văn Hậu | H32: 1 | I32: 0
A33: GV môn GDTC | H33: 1 | I33: 0
A34: Bùi Đức Anh | B34: Trường chính | H34: 1 | I34: 0
A35: Lý Thị Duyên | B35: GVCN | H35: 1 | I35: 1
A36: Lê Thị Minh Anh | B36: HĐK | H36: 1 | I36: 0
A37: Ngô Thuý Vân | B37: Tổng phụ trách | H37: 1 | I37: 0
A38: Nguyễn Thị Luyến | H38: 1 | I38: 0
A39: Nguyễn Đình Tiến | B39: GVCN | H39: 1 | I39: 1
A40: Phan Thị Minh | B40: Tổ phó | H40: 1 | I40: 1
A41: Trần Đức Ngân | B41: GVCN | H41: 1 | I41: 1
A42: Nguyễn Thị Hồng Minh | B42: HĐ235 | H42: 1 | I42: 0
A43: Bàng Như Quỳnh | B43: Trường chính | H43: 1 | I43: 0

Sheet TKB_Nhap
A1: LỚP HỌC | B1: BUỔI | C1: TIẾT THỨ | D1: Thứ 2 | E1: Thứ 3 | F1: Thứ 4 | G1: Thứ 5 | H1: Thứ 6 | I1: Thứ 7 | J1: Chủ Nhật
A2: 6A7 | B2: S | C2: 1
A3: 6A7 | B3: S | C3: 2
A4: 6A7 | B4: S | C4: 3
A5: 6A7 | B5: S | C5: 4
A6: 6A7 | B6: S | C6: 5
A7: 6A7 | B7: C | C7: 1
A8: 6A7 | B8: C | C8: 2
A9: 6A7 | B9: C | C9: 3
A10: 6A8 | B10: S | C10: 1
A11: 6A8 | B11: S | C11: 2
A12: 6A8 | B12: S | C12: 3
A13: 6A8 | B13: S | C13: 4
... A161: 9A12 | B161: C | C161: 3

Sheet TKB
A1: LỚP HỌC | B1: BUỔI | C1: TIẾT THỨ | D1: THỨ 2 | E1: THỨ 3 | F1: THỨ 4 | G1: THỨ 5 | H1: THỨ 6 | I1: THỨ 7 | J1: CHỦ NHẬT
A2: =TKB_Nhap!A2 | B2: =TKB_Nhap!B2 | C2: =TKB_Nhap!C2 | D2: =IF(TKB_Nhap!D2="","",TKB_Nhap!D2&CHAR(10)&IF(T(INDEX(PhanCong!$B$3:$I$18,MATCH(TKB_Nhap!D2,PhanCong!$A$3:$A$18,0),MATCH($A2,PhanCong!$B$2:$I$2,0)))="","(chưa PC GV)","GV: "&INDEX(PhanCong!$B$3:$I$18,MATCH(TKB_Nhap!D2,PhanCong!$A$3:$A$18,0),MATCH($A2,PhanCong!$B$2:$I$2,0)))) | E2: =IF(TKB_Nhap!E2="","",TKB_Nhap!E2&CHAR(10)&IF(T(INDEX(PhanCong!$B$3:$I$18,MATCH(TKB_Nhap!E2,PhanCong!$A$3:$A$18,0),MATCH($A2,PhanCong!$B$2:$I$2,0)))="","(chưa PC GV)","GV: "&INDEX(PhanCong!$B$3:$I$18,MATCH(TKB_Nhap!E2,PhanCong!$A$3:$A$18,0),MATCH($A2,PhanCong!$B$2:$I$2,0)))) | F2: =IF(TKB_Nhap!F2="","",TKB_Nhap!F2&CHAR(10)&IF(T(INDEX(PhanCong!$B$3:$I$18,MATCH(TKB_Nhap!F2,PhanCong!$A$3:$A$18,0),MATCH($A2,PhanCong!$B$2:$I$2,0)))="","(chưa PC GV)","GV: "&INDEX(PhanCong!$B$3:$I$18,MATCH(TKB_Nhap!F2,PhanCong!$A$3:$A$18,0),MATCH($A2,PhanCong!$B$2:$I$2,0)))) | G2: =IF(TKB_Nhap!G2="","",TKB_Nhap!G2&CHAR(10)&IF(T(INDEX(PhanCong!$B$3:$I$18,MATCH(TKB_Nhap!G2,PhanCong!$A$3:$A$18,0),MATCH($A2,PhanCong!$B$2:$I$2,0)))="","(chưa PC GV)","GV: "&INDEX(PhanCong!$B$3:$I$18,MATCH(TKB_Nhap!G2,PhanCong!$A$3:$A$18,0),MATCH($A2,PhanCong!$B$2:$I$2,0)))) | H2: =IF(TKB_Nhap!H2="","",TKB_Nhap!H2&CHAR(10)&IF(T(INDEX(PhanCong!$B$3:$I$18,MATCH(TKB_Nhap!H2,PhanCong!$A$3:$A$18,0),MATCH($A2,PhanCong!$B$2:$I$2,0)))="","(chưa PC GV)","GV: "&INDEX(PhanCong!$B$3:$I$18,MATCH(TKB_Nhap!H2,PhanCong!$A$3:$A$18,0),MATCH($A2,PhanCong!$B$2:$I$2,0)))) | I2: =IF(TKB_Nhap!I2="","",TKB_Nhap!I2&CHAR(10)&IF(T(INDEX(PhanCong!$B$3:$I$18,MATCH(TKB_Nhap!I2,PhanCong!$A$3:$A$18,0),MATCH($A2,PhanCong!$B$2:$I$2,0)))="","(chưa PC GV)","GV: "&INDEX(PhanCong!$B$3:$I$18,MATCH(TKB_Nhap!I2,PhanCong!$A$3:$A$18,0),MATCH($A2,PhanCong!$B$2:$I$2,0))))
A3: =TKB_Nhap!A3 | B3: =TKB_Nhap!B3 | C3: =TKB_Nhap!C3 | D3: =IF(TKB_Nhap!D3="","",TKB_Nhap!D3&CHAR(10)&IF(T(INDEX(PhanCong!$B$3:$I$18,MATCH(TKB_Nhap!D3,PhanCong!$A$3:$A$18,0),MATCH($A3,PhanCong!$B$2:$I$2,0)))="","(chưa PC GV)","GV: "&INDEX(PhanCong!$B$3:$I$18,MATCH(TKB_Nhap!D3,PhanCong!$A$3:$A$18,0),MATCH($A3,PhanCong!$B$2:$I$2,0)))) | E3: =IF(TKB_Nhap!E3="","",TKB_Nhap!E3&CHAR(10)&IF(T(INDEX(PhanCong!$B$3:$I$18,MATCH(TKB_Nhap!E3,PhanCong!$A$3:$A$18,0),MATCH($A3,PhanCong!$B$2:$I$2,0)))="","(chưa PC GV)","GV: "&INDEX(PhanCong!$B$3:$I$18,MATCH(TKB_Nhap!E3,PhanCong!$A$3:$A$18,0),MATCH($A3,PhanCong!$B$2:$I$2,0)))) | F3: =IF(TKB_Nhap!F3="","",TKB_Nhap!F3&CHAR(10)&IF(T(INDEX(PhanCong!$B$3:$I$18,MATCH(TKB_Nhap!F3,PhanCong!$A$3:$A$18,0),MATCH($A3,PhanCong!$B$2:$I$2,0)))="","(chưa PC GV)","GV: "&INDEX(PhanCong!$B$3:$I$18,MATCH(TKB_Nhap!F3,PhanCong!$A$3:$A$18,0),MATCH($A3,PhanCong!$B$2:$I$2,0)))) | G3: =IF(TKB_Nhap!G3="","",TKB_Nhap!G3&CHAR(10)&IF(T(INDEX(PhanCong!$B$3:$I$18,MATCH(TKB_Nhap!G3,PhanCong!$A$3:$A$18,0),MATCH($A3,PhanCong!$B$2:$I$2,0)))="","(chưa PC GV)","GV: "&INDEX(PhanCong!$B$3:$I$18,MATCH(TKB_Nhap!G3,PhanCong!$A$3:$A$18,0),MATCH($A3,PhanCong!$B$2:$I$2,0)))) | H3: =IF(TKB_Nhap!H3="","",TKB_Nhap!H3&CHAR(10)&IF(T(INDEX(PhanCong!$B$3:$I$18,MATCH(TKB_Nhap!H3,PhanCong!$A$3:$A$18,0),MATCH($A3,PhanCong!$B$2:$I$2,0)))="","(chưa PC GV)","GV: "&INDEX(PhanCong!$B$3:$I$18,MATCH(TKB_Nhap!H3,PhanCong!$A$3:$A$18,0),MATCH($A3,PhanCong!$B$2:$I$2,0)))) | I3: =IF(TKB_Nhap!I3="","",TKB_Nhap!I3&CHAR(10)&IF(T(INDEX(PhanCong!$B$3:$I$18,MATCH(TKB_Nhap!I3,PhanCong!$A$3:$A$18,0),MATCH($A3,PhanCong!$B$2:$I$2,0)))="","(chưa PC GV)","GV: "&INDEX(PhanCong!$B$3:$I$18,MATCH(TKB_Nhap!I3,PhanCong!$A$3:$A$18,0),MATCH($A3,PhanCong!$B$2:$I$2,0))))
A4: =TKB_Nhap!A4 | B4: =TKB_Nhap!B4 | C4: =TKB_Nhap!C4 | D4: =IF(TKB_Nhap!D4="","",TKB_Nhap!D4&CHAR(10)&IF(T(INDEX(PhanCong!$B$3:$I$18,MATCH(TKB_Nhap!D4,PhanCong!$A$3:$A$18,0),MATCH($A4,PhanCong!$B$2:$I$2,0)))="","(chưa PC GV)","GV: "&INDEX(PhanCong!$B$3:$I$18,MATCH(TKB_Nhap!D4,PhanCong!$A$3:$A$18,0),MATCH($A4,PhanCong!$B$2:$I$2,0)))) | E4: =IF(TKB_Nhap!E4="","",TKB_Nhap!E4&CHAR(10)&IF(T(INDEX(PhanCong!$B$3:$I$18,MATCH(TKB_Nhap!E4,PhanCong!$A$3:$A$18,0),MATCH($A4,PhanCong!$B$2:$I$2,0)))="","(chưa PC GV)","GV: "&INDEX(PhanCong!$B$3:$I$18,MATCH(TKB_Nhap!E4,PhanCong!$A$3:$A$18,0),MATCH($A4,PhanCong!$B$2:$I$2,0)))) | F4: =IF(TKB_Nhap!F4="","",TKB_Nhap!F4&CHAR(10)&IF(T(INDEX(PhanCong!$B$3:$I$18,MATCH(TKB_Nhap!F4,PhanCong!$A$3:$A$18,0),MATCH($A4,PhanCong!$B$2:$I$2,0)))="","(chưa PC GV)","GV: "&INDEX(PhanCong!$B$3:$I$18,MATCH(TKB_Nhap!F4,PhanCong!$A$3:$A$18,0),MATCH($A4,PhanCong!$B$2:$I$2,0)))) | G4: =IF(TKB_Nhap!G4="","",TKB_Nhap!G4&CHAR(10)&IF(T(INDEX(PhanCong!$B$3:$I$18,MATCH(TKB_Nhap!G4,PhanCong!$A$3:$A$18,0),MATCH($A4,PhanCong!$B$2:$I$2,0)))="","(chưa PC GV)","GV: "&INDEX(PhanCong!$B$3:$I$18,MATCH(TKB_Nhap!G4,PhanCong!$A$3:$A$18,0),MATCH($A4,PhanCong!$B$2:$I$2,0)))) | H4: =IF(TKB_Nhap!H4="","",TKB_Nhap!H4&CHAR(10)&IF(T(INDEX(PhanCong!$B$3:$I$18,MATCH(TKB_Nhap!H4,PhanCong!$A$3:$A$18,0),MATCH($A4,PhanCong!$B$2:$I$2,0)))="","(chưa PC GV)","GV: "&INDEX(PhanCong!$B$3:$I$18,MATCH(TKB_Nhap!H4,PhanCong!$A$3:$A$18,0),MATCH($A4,PhanCong!$B$2:$I$2,0)))) | I4: =IF(TKB_Nhap!I4="","",TKB_Nhap!I4&CHAR(10)&IF(T(INDEX(PhanCong!$B$3:$I$18,MATCH(TKB_Nhap!I4,PhanCong!$A$3:$A$18,0),MATCH($A4,PhanCong!$B$2:$I$2,0)))="","(chưa PC GV)","GV: "&INDEX(PhanCong!$B$3:$I$18,MATCH(TKB_Nhap!I4,PhanCong!$A$3:$A$18,0),MATCH($A4,PhanCong!$B$2:$I$2,0))))
A5: =TKB_Nhap!A5 | B5: =TKB_Nhap!B5 | C5: =TKB_Nhap!C5 | D5: =IF(TKB_Nhap!D5="","",TKB_Nhap!D5&CHAR(10)&IF(T(INDEX(PhanCong!$B$3:$I$18,MATCH(TKB_Nhap!D5,PhanCong!$A$3:$A$18,0),MATCH($A5,PhanCong!$B$2:$I$2,0)))="","(chưa PC GV)","GV: "&INDEX(PhanCong!$B$3:$I$18,MATCH(TKB_Nhap!D5,PhanCong!$A$3:$A$18,0),MATCH($A5,PhanCong!$B$2:$I$2,0)))) | E5: =IF(TKB_Nhap!E5="","",TKB_Nhap!E5&CHAR(10)&IF(T(INDEX(PhanCong!$B$3:$I$18,MATCH(TKB_Nhap!E5,PhanCong!$A$3:$A$18,0),MATCH($A5,PhanCong!$B$2:$I$2,0)))="","(chưa PC GV)","GV: "&INDEX(PhanCong!$B$3:$I$18,MATCH(TKB_Nhap!E5,PhanCong!$A$3:$A$18,0),MATCH($A5,PhanCong!$B$2:$I$2,0)))) | F5: =IF(TKB_Nhap!F5="","",TKB_Nhap!F5&CHAR(10)&IF(T(INDEX(PhanCong!$B$3:$I$18,MATCH(TKB_Nhap!F5,PhanCong!$A$3:$A$18,0),MATCH($A5,PhanCong!$B$2:$I$2,0)))="","(chưa PC GV)","GV: "&INDEX(PhanCong!$B$3:$I$18,MATCH(TKB_Nhap!F5,PhanCong!$A$3:$A$18,0),MATCH($A5,PhanCong!$B$2:$I$2,0)))) | G5: =IF(TKB_Nhap!G5="","",TKB_Nhap!G5&CHAR(10)&IF(T(INDEX(PhanCong!$B$3:$I$18,MATCH(TKB_Nhap!G5,PhanCong!$A$3:$A$18,0),MATCH($A5,PhanCong!$B$2:$I$2,0)))="","(chưa PC GV)","GV: "&INDEX(PhanCong!$B$3:$I$18,MATCH(TKB_Nhap!G5,PhanCong!$A$3:$A$18,0),MATCH($A5,PhanCong!$B$2:$I$2,0)))) | H5: =IF(TKB_Nhap!H5="","",TKB_Nhap!H5&CHAR(10)&IF(T(INDEX(PhanCong!$B$3:$I$18,MATCH(TKB_Nhap!H5,PhanCong!$A$3:$A$18,0),MATCH($A5,PhanCong!$B$2:$I$2,0)))="","(chưa PC GV)","GV: "&INDEX(PhanCong!$B$3:$I$18,MATCH(TKB_Nhap!H5,PhanCong!$A$3:$A$18,0),MATCH($A5,PhanCong!$B$2:$I$2,0)))) | I5: =IF(TKB_Nhap!I5="","",TKB_Nhap!I5&CHAR(10)&IF(T(INDEX(PhanCong!$B$3:$I$18,MATCH(TKB_Nhap!I5,PhanCong!$A$3:$A$18,0),MATCH($A5,PhanCong!$B$2:$I$2,0)))="","(chưa PC GV)","GV: "&INDEX(PhanCong!$B$3:$I$18,MATCH(TKB_Nhap!I5,PhanCong!$A$3:$A$18,0),MATCH($A5,PhanCong!$B$2:$I$2,0))))
A6: =TKB_Nhap!A6 | B6: =TKB_Nhap!B6 | C6: =TKB_Nhap!C6 | D6: =IF(TKB_Nhap!D6="","",TKB_Nhap!D6&CHAR(10)&IF(T(INDEX(PhanCong!$B$3:$I$18,MATCH(TKB_Nhap!D6,PhanCong!$A$3:$A$18,0),MATCH($A6,PhanCong!$B$2:$I$2,0)))="","(chưa PC GV)","GV: "&INDEX(PhanCong!$B$3:$I$18,MATCH(TKB_Nhap!D6,PhanCong!$A$3:$A$18,0),MATCH($A6,PhanCong!$B$2:$I$2,0)))) | E6: =IF(TKB_Nhap!E6="","",TKB_Nhap!E6&CHAR(10)&IF(T(INDEX(PhanCong!$B$3:$I$18,MATCH(TKB_Nhap!E6,PhanCong!$A$3:$A$18,0),MATCH($A6,PhanCong!$B$2:$I$2,0)))="","(chưa PC GV)","GV: "&INDEX(PhanCong!$B$3:$I$18,MATCH(TKB_Nhap!E6,PhanCong!$A$3:$A$18,0),MATCH($A6,PhanCong!$B$2:$I$2,0)))) | F6: =IF(TKB_Nhap!F6="","",TKB_Nhap!F6&CHAR(10)&IF(T(INDEX(PhanCong!$B$3:$I$18,MATCH(TKB_Nhap!F6,PhanCong!$A$3:$A$18,0),MATCH($A6,PhanCong!$B$2:$I$2,0)))="","(chưa PC GV)","GV: "&INDEX(PhanCong!$B$3:$I$18,MATCH(TKB_Nhap!F6,PhanCong!$A$3:$A$18,0),MATCH($A6,PhanCong!$B$2:$I$2,0)))) | G6: =IF(TKB_Nhap!G6="","",TKB_Nhap!G6&CHAR(10)&IF(T(INDEX(PhanCong!$B$3:$I$18,MATCH(TKB_Nhap!G6,PhanCong!$A$3:$A$18,0),MATCH($A6,PhanCong!$B$2:$I$2,0)))="","(chưa PC GV)","GV: "&INDEX(PhanCong!$B$3:$I$18,MATCH(TKB_Nhap!G6,PhanCong!$A$3:$A$18,0),MATCH($A6,PhanCong!$B$2:$I$2,0)))) | H6: =IF(TKB_Nhap!H6="","",TKB_Nhap!H6&CHAR(10)&IF(T(INDEX(PhanCong!$B$3:$I$18,MATCH(TKB_Nhap!H6,PhanCong!$A$3:$A$18,0),MATCH($A6,PhanCong!$B$2:$I$2,0)))="","(chưa PC GV)","GV: "&INDEX(PhanCong!$B$3:$I$18,MATCH(TKB_Nhap!H6,PhanCong!$A$3:$A$18,0),MATCH($A6,PhanCong!$B$2:$I$2,0)))) | I6: =IF(TKB_Nhap!I6="","",TKB_Nhap!I6&CHAR(10)&IF(T(INDEX(PhanCong!$B$3:$I$18,MATCH(TKB_Nhap!I6,PhanCong!$A$3:$A$18,0),MATCH($A6,PhanCong!$B$2:$I$2,0)))="","(chưa PC GV)","GV: "&INDEX(PhanCong!$B$3:$I$18,MATCH(TKB_Nhap!I6,PhanCong!$A$3:$A$18,0),MATCH($A6,PhanCong!$B$2:$I$2,0))))
A7: =TKB_Nhap!A7 | B7: =TKB_Nhap!B7 | C7: =TKB_Nhap!C7 | D7: =IF(TKB_Nhap!D7="","",TKB_Nhap!D7&CHAR(10)&IF(T(INDEX(PhanCong!$B$3:$I$18,MATCH(TKB_Nhap!D7,PhanCong!$A$3:$A$18,0),MATCH($A7,PhanCong!$B$2:$I$2,0)))="","(chưa PC GV)","GV: "&INDEX(PhanCong!$B$3:$I$18,MATCH(TKB_Nhap!D7,PhanCong!$A$3:$A$18,0),MATCH($A7,PhanCong!$B$2:$I$2,0)))) | E7: =IF(TKB_Nhap!E7="","",TKB_Nhap!E7&CHAR(10)&IF(T(INDEX(PhanCong!$B$3:$I$18,MATCH(TKB_Nhap!E7,PhanCong!$A$3:$A$18,0),MATCH($A7,PhanCong!$B$2:$I$2,0)))="","(chưa PC GV)","GV: "&INDEX(PhanCong!$B$3:$I$18,MATCH(TKB_Nhap!E7,PhanCong!$A$3:$A$18,0),MATCH($A7,PhanCong!$B$2:$I$2,0)))) | F7: =IF(TKB_Nhap!F7="","",TKB_Nhap!F7&CHAR(10)&IF(T(INDEX(PhanCong!$B$3:$I$18,MATCH(TKB_Nhap!F7,PhanCong!$A$3:$A$18,0),MATCH($A7,PhanCong!$B$2:$I$2,0)))="","(chưa PC GV)","GV: "&INDEX(PhanCong!$B$3:$I$18,MATCH(TKB_Nhap!F7,PhanCong!$A$3:$A$18,0),MATCH($A7,PhanCong!$B$2:$I$2,0)))) | G7: =IF(TKB_Nhap!G7="","",TKB_Nhap!G7&CHAR(10)&IF(T(INDEX(PhanCong!$B$3:$I$18,MATCH(TKB_Nhap!G7,PhanCong!$A$3:$A$18,0),MATCH($A7,PhanCong!$B$2:$I$2,0)))="","(chưa PC GV)","GV: "&INDEX(PhanCong!$B$3:$I$18,MATCH(TKB_Nhap!G7,PhanCong!$A$3:$A$18,0),MATCH($A7,PhanCong!$B$2:$I$2,0)))) | H7: =IF(TKB_Nhap!H7="","",TKB_Nhap!H7&CHAR(10)&IF(T(INDEX(PhanCong!$B$3:$I$18,MATCH(TKB_Nhap!H7,PhanCong!$A$3:$A$18,0),MATCH($A7,PhanCong!$B$2:$I$2,0)))="","(chưa PC GV)","GV: "&INDEX(PhanCong!$B$3:$I$18,MATCH(TKB_Nhap!H7,PhanCong!$A$3:$A$18,0),MATCH($A7,PhanCong!$B$2:$I$2,0)))) | I7: =IF(TKB_Nhap!I7="","",TKB_Nhap!I7&CHAR(10)&IF(T(INDEX(PhanCong!$B$3:$I$18,MATCH(TKB_Nhap!I7,PhanCong!$A$3:$A$18,0),MATCH($A7,PhanCong!$B$2:$I$2,0)))="","(chưa PC GV)","GV: "&INDEX(PhanCong!$B$3:$I$18,MATCH(TKB_Nhap!I7,PhanCong!$A$3:$A$18,0),MATCH($A7,PhanCong!$B$2:$I$2,0))))
A8: =TKB_Nhap!A8 | B8: =TKB_Nhap!B8 | C8: =TKB_Nhap!C8 | D8: =IF(TKB_Nhap!D8="","",TKB_Nhap!D8&CHAR(10)&IF(T(INDEX(PhanCong!$B$3:$I$18,MATCH(TKB_Nhap!D8,PhanCong!$A$3:$A$18,0),MATCH($A8,PhanCong!$B$2:$I$2,0)))="","(chưa PC GV)","GV: "&INDEX(PhanCong!$B$3:$I$18,MATCH(TKB_Nhap!D8,PhanCong!$A$3:$A$18,0),MATCH($A8,PhanCong!$B$2:$I$2,0)))) | E8: =IF(TKB_Nhap!E8="","",TKB_Nhap!E8&CHAR(10)&IF(T(INDEX(PhanCong!$B$3:$I$18,MATCH(TKB_Nhap!E8,PhanCong!$A$3:$A$18,0),MATCH($A8,PhanCong!$B$2:$I$2,0)))="","(chưa PC GV)","GV: "&INDEX(PhanCong!$B$3:$I$18,MATCH(TKB_Nhap!E8,PhanCong!$A$3:$A$18,0),MATCH($A8,PhanCong!$B$2:$I$2,0)))) | F8: =IF(TKB_Nhap!F8="","",TKB_Nhap!F8&CHAR(10)&IF(T(INDEX(PhanCong!$B$3:$I$18,MATCH(TKB_Nhap!F8,PhanCong!$A$3:$A$18,0),MATCH($A8,PhanCong!$B$2:$I$2,0)))="","(chưa PC GV)","GV: "&INDEX(PhanCong!$B$3:$I$18,MATCH(TKB_Nhap!F8,PhanCong!$A$3:$A$18,0),MATCH($A8,PhanCong!$B$2:$I$2,0)))) | G8: =IF(TKB_Nhap!G8="","",TKB_Nhap!G8&CHAR(10)&IF(T(INDEX(PhanCong!$B$3:$I$18,MATCH(TKB_Nhap!G8,PhanCong!$A$3:$A$18,0),MATCH($A8,PhanCong!$B$2:$I$2,0)))="","(chưa PC GV)","GV: "&INDEX(PhanCong!$B$3:$I$18,MATCH(TKB_Nhap!G8,PhanCong!$A$3:$A$18,0),MATCH($A8,PhanCong!$B$2:$I$2,0)))) | H8: =IF(TKB_Nhap!H8="","",TKB_Nhap!H8&CHAR(10)&IF(T(INDEX(PhanCong!$B$3:$I$18,MATCH(TKB_Nhap!H8,PhanCong!$A$3:$A$18,0),MATCH($A8,PhanCong!$B$2:$I$2,0)))="","(chưa PC GV)","GV: "&INDEX(PhanCong!$B$3:$I$18,MATCH(TKB_Nhap!H8,PhanCong!$A$3:$A$18,0),MATCH($A8,PhanCong!$B$2:$I$2,0)))) | I8: =IF(TKB_Nhap!I8="","",TKB_Nhap!I8&CHAR(10)&IF(T(INDEX(PhanCong!$B$3:$I$18,MATCH(TKB_Nhap!I8,PhanCong!$A$3:$A$18,0),MATCH($A8,PhanCong!$B$2:$I$2,0)))="","(chưa PC GV)","GV: "&INDEX(PhanCong!$B$3:$I$18,MATCH(TKB_Nhap!I8,PhanCong!$A$3:$A$18,0),MATCH($A8,PhanCong!$B$2:$I$2,0))))
A9: =TKB_Nhap!A9 | B9: =TKB_Nhap!B9 | C9: =TKB_Nhap!C9 | D9: =IF(TKB_Nhap!D9="","",TKB_Nhap!D9&CHAR(10)&IF(T(INDEX(PhanCong!$B$3:$I$18,MATCH(TKB_Nhap!D9,PhanCong!$A$3:$A$18,0),MATCH($A9,PhanCong!$B$2:$I$2,0)))="","(chưa PC GV)","GV: "&INDEX(PhanCong!$B$3:$I$18,MATCH(TKB_Nhap!D9,PhanCong!$A$3:$A$18,0),MATCH($A9,PhanCong!$B$2:$I$2,0)))) | E9: =IF(TKB_Nhap!E9="","",TKB_Nhap!E9&CHAR(10)&IF(T(INDEX(PhanCong!$B$3:$I$18,MATCH(TKB_Nhap!E9,PhanCong!$A$3:$A$18,0),MATCH($A9,PhanCong!$B$2:$I$2,0)))="","(chưa PC GV)","GV: "&INDEX(PhanCong!$B$3:$I$18,MATCH(TKB_Nhap!E9,PhanCong!$A$3:$A$18,0),MATCH($A9,PhanCong!$B$2:$I$2,0)))) | F9: =IF(TKB_Nhap!F9="","",TKB_Nhap!F9&CHAR(10)&IF(T(INDEX(PhanCong!$B$3:$I$18,MATCH(TKB_Nhap!F9,PhanCong!$A$3:$A$18,0),MATCH($A9,PhanCong!$B$2:$I$2,0)))="","(chưa PC GV)","GV: "&INDEX(PhanCong!$B$3:$I$18,MATCH(TKB_Nhap!F9,PhanCong!$A$3:$A$18,0),MATCH($A9,PhanCong!$B$2:$I$2,0)))) | G9: =IF(TKB_Nhap!G9="","",TKB_Nhap!G9&CHAR(10)&IF(T(INDEX(PhanCong!$B$3:$I$18,MATCH(TKB_Nhap!G9,PhanCong!$A$3:$A$18,0),MATCH($A9,PhanCong!$B$2:$I$2,0)))="","(chưa PC GV)","GV: "&INDEX(PhanCong!$B$3:$I$18,MATCH(TKB_Nhap!G9,PhanCong!$A$3:$A$18,0),MATCH($A9,PhanCong!$B$2:$I$2,0)))) | H9: =IF(TKB_Nhap!H9="","",TKB_Nhap!H9&CHAR(10)&IF(T(INDEX(PhanCong!$B$3:$I$18,MATCH(TKB_Nhap!H9,PhanCong!$A$3:$A$18,0),MATCH($A9,PhanCong!$B$2:$I$2,0)))="","(chưa PC GV)","GV: "&INDEX(PhanCong!$B$3:$I$18,MATCH(TKB_Nhap!H9,PhanCong!$A$3:$A$18,0),MATCH($A9,PhanCong!$B$2:$I$2,0)))) | I9: =IF(TKB_Nhap!I9="","",TKB_Nhap!I9&CHAR(10)&IF(T(INDEX(PhanCong!$B$3:$I$18,MATCH(TKB_Nhap!I9,PhanCong!$A$3:$A$18,0),MATCH($A9,PhanCong!$B$2:$I$2,0)))="","(chưa PC GV)","GV: "&INDEX(PhanCong!$B$3:$I$18,MATCH(TKB_Nhap!I9,PhanCong!$A$3:$A$18,0),MATCH($A9,PhanCong!$B$2:$I$2,0))))
A10: =TKB_Nhap!A10 | B10: =TKB_Nhap!B10 | C10: =TKB_Nhap!C10 | D10: =IF(TKB_Nhap!D10="","",TKB_Nhap!D10&CHAR(10)&IF(T(INDEX(PhanCong!$B$3:$I$18,MATCH(TKB_Nhap!D10,PhanCong!$A$3:$A$18,0),MATCH($A10,PhanCong!$B$2:$I$2,0)))="","(chưa PC GV)","GV: "&INDEX(PhanCong!$B$3:$I$18,MATCH(TKB_Nhap!D10,PhanCong!$A$3:$A$18,0),MATCH($A10,PhanCong!$B$2:$I$2,0)))) | E10: =IF(TKB_Nhap!E10="","",TKB_Nhap!E10&CHAR(10)&IF(T(INDEX(PhanCong!$B$3:$I$18,MATCH(TKB_Nhap!E10,PhanCong!$A$3:$A$18,0),MATCH($A10,PhanCong!$B$2:$I$2,0)))="","(chưa PC GV)","GV: "&INDEX(PhanCong!$B$3:$I$18,MATCH(TKB_Nhap!E10,PhanCong!$A$3:$A$18,0),MATCH($A10,PhanCong!$B$2:$I$2,0)))) | F10: =IF(TKB_Nhap!F10="","",TKB_Nhap!F10&CHAR(10)&IF(T(INDEX(PhanCong!$B$3:$I$18,MATCH(TKB_Nhap!F10,PhanCong!$A$3:$A$18,0),MATCH($A10,PhanCong!$B$2:$I$2,0)))="","(chưa PC GV)","GV: "&INDEX(PhanCong!$B$3:$I$18,MATCH(TKB_Nhap!F10,PhanCong!$A$3:$A$18,0),MATCH($A10,PhanCong!$B$2:$I$2,0)))) | G10: =IF(TKB_Nhap!G10="","",TKB_Nhap!G10&CHAR(10)&IF(T(INDEX(PhanCong!$B$3:$I$18,MATCH(TKB_Nhap!G10,PhanCong!$A$3:$A$18,0),MATCH($A10,PhanCong!$B$2:$I$2,0)))="","(chưa PC GV)","GV: "&INDEX(PhanCong!$B$3:$I$18,MATCH(TKB_Nhap!G10,PhanCong!$A$3:$A$18,0),MATCH($A10,PhanCong!$B$2:$I$2,0)))) | H10: =IF(TKB_Nhap!H10="","",TKB_Nhap!H10&CHAR(10)&IF(T(INDEX(PhanCong!$B$3:$I$18,MATCH(TKB_Nhap!H10,PhanCong!$A$3:$A$18,0),MATCH($A10,PhanCong!$B$2:$I$2,0)))="","(chưa PC GV)","GV: "&INDEX(PhanCong!$B$3:$I$18,MATCH(TKB_Nhap!H10,PhanCong!$A$3:$A$18,0),MATCH($A10,PhanCong!$B$2:$I$2,0)))) | I10: =IF(TKB_Nhap!I10="","",TKB_Nhap!I10&CHAR(10)&IF(T(INDEX(PhanCong!$B$3:$I$18,MATCH(TKB_Nhap!I10,PhanCong!$A$3:$A$18,0),MATCH($A10,PhanCong!$B$2:$I$2,0)))="","(chưa PC GV)","GV: "&INDEX(PhanCong!$B$3:$I$18,MATCH(TKB_Nhap!I10,PhanCong!$A$3:$A$18,0),MATCH($A10,PhanCong!$B$2:$I$2,0))))
A11: =TKB_Nhap!A11 | B11: =TKB_Nhap!B11 | C11: =TKB_Nhap!C11 | D11: =IF(TKB_Nhap!D11="","",TKB_Nhap!D11&CHAR(10)&IF(T(INDEX(PhanCong!$B$3:$I$18,MATCH(TKB_Nhap!D11,PhanCong!$A$3:$A$18,0),MATCH($A11,PhanCong!$B$2:$I$2,0)))="","(chưa PC GV)","GV: "&INDEX(PhanCong!$B$3:$I$18,MATCH(TKB_Nhap!D11,PhanCong!$A$3:$A$18,0),MATCH($A11,PhanCong!$B$2:$I$2,0)))) | E11: =IF(TKB_Nhap!E11="","",TKB_Nhap!E11&CHAR(10)&IF(T(INDEX(PhanCong!$B$3:$I$18,MATCH(TKB_Nhap!E11,PhanCong!$A$3:$A$18,0),MATCH($A11,PhanCong!$B$2:$I$2,0)))="","(chưa PC GV)","GV: "&INDEX(PhanCong!$B$3:$I$18,MATCH(TKB_Nhap!E11,PhanCong!$A$3:$A$18,0),MATCH($A11,PhanCong!$B$2:$I$2,0)))) | F11: =IF(TKB_Nhap!F11="","",TKB_Nhap!F11&CHAR(10)&IF(T(INDEX(PhanCong!$B$3:$I$18,MATCH(TKB_Nhap!F11,PhanCong!$A$3:$A$18,0),MATCH($A11,PhanCong!$B$2:$I$2,0)))="","(chưa PC GV)","GV: "&INDEX(PhanCong!$B$3:$I$18,MATCH(TKB_Nhap!F11,PhanCong!$A$3:$A$18,0),MATCH($A11,PhanCong!$B$2:$I$2,0)))) | G11: =IF(TKB_Nhap!G11="","",TKB_Nhap!G11&CHAR(10)&IF(T(INDEX(PhanCong!$B$3:$I$18,MATCH(TKB_Nhap!G11,PhanCong!$A$3:$A$18,0),MATCH($A11,PhanCong!$B$2:$I$2,0)))="","(chưa PC GV)","GV: "&INDEX(PhanCong!$B$3:$I$18,MATCH(TKB_Nhap!G11,PhanCong!$A$3:$A$18,0),MATCH($A11,PhanCong!$B$2:$I$2,0)))) | H11: =IF(TKB_Nhap!H11="","",TKB_Nhap!H11&CHAR(10)&IF(T(INDEX(PhanCong!$B$3:$I$18,MATCH(TKB_Nhap!H11,PhanCong!$A$3:$A$18,0),MATCH($A11,PhanCong!$B$2:$I$2,0)))="","(chưa PC GV)","GV: "&INDEX(PhanCong!$B$3:$I$18,MATCH(TKB_Nhap!H11,PhanCong!$A$3:$A$18,0),MATCH($A11,PhanCong!$B$2:$I$2,0)))) | I11: =IF(TKB_Nhap!I11="","",TKB_Nhap!I11&CHAR(10)&IF(T(INDEX(PhanCong!$B$3:$I$18,MATCH(TKB_Nhap!I11,PhanCong!$A$3:$A$18,0),MATCH($A11,PhanCong!$B$2:$I$2,0)))="","(chưa PC GV)","GV: "&INDEX(PhanCong!$B$3:$I$18,MATCH(TKB_Nhap!I11,PhanCong!$A$3:$A$18,0),MATCH($A11,PhanCong!$B$2:$I$2,0))))
A12: =TKB_Nhap!A12 | B12: =TKB_Nhap!B12 | C12: =TKB_Nhap!C12 | D12: =IF(TKB_Nhap!D12="","",TKB_Nhap!D12&CHAR(10)&IF(T(INDEX(PhanCong!$B$3:$I$18,MATCH(TKB_Nhap!D12,PhanCong!$A$3:$A$18,0),MATCH($A12,PhanCong!$B$2:$I$2,0)))="","(chưa PC GV)","GV: "&INDEX(PhanCong!$B$3:$I$18,MATCH(TKB_Nhap!D12,PhanCong!$A$3:$A$18,0),MATCH($A12,PhanCong!$B$2:$I$2,0)))) | E12: =IF(TKB_Nhap!E12="","",TKB_Nhap!E12&CHAR(10)&IF(T(INDEX(PhanCong!$B$3:$I$18,MATCH(TKB_Nhap!E12,PhanCong!$A$3:$A$18,0),MATCH($A12,PhanCong!$B$2:$I$2,0)))="","(chưa PC GV)","GV: "&INDEX(PhanCong!$B$3:$I$18,MATCH(TKB_Nhap!E12,PhanCong!$A$3:$A$18,0),MATCH($A12,PhanCong!$B$2:$I$2,0)))) | F12: =IF(TKB_Nhap!F12="","",TKB_Nhap!F12&CHAR(10)&IF(T(INDEX(PhanCong!$B$3:$I$18,MATCH(TKB_Nhap!F12,PhanCong!$A$3:$A$18,0),MATCH($A12,PhanCong!$B$2:$I$2,0)))="","(chưa PC GV)","GV: "&INDEX(PhanCong!$B$3:$I$18,MATCH(TKB_Nhap!F12,PhanCong!$A$3:$A$18,0),MATCH($A12,PhanCong!$B$2:$I$2,0)))) | G12: =IF(TKB_Nhap!G12="","",TKB_Nhap!G12&CHAR(10)&IF(T(INDEX(PhanCong!$B$3:$I$18,MATCH(TKB_Nhap!G12,PhanCong!$A$3:$A$18,0),MATCH($A12,PhanCong!$B$2:$I$2,0)))="","(chưa PC GV)","GV: "&INDEX(PhanCong!$B$3:$I$18,MATCH(TKB_Nhap!G12,PhanCong!$A$3:$A$18,0),MATCH($A12,PhanCong!$B$2:$I$2,0)))) | H12: =IF(TKB_Nhap!H12="","",TKB_Nhap!H12&CHAR(10)&IF(T(INDEX(PhanCong!$B$3:$I$18,MATCH(TKB_Nhap!H12,PhanCong!$A$3:$A$18,0),MATCH($A12,PhanCong!$B$2:$I$2,0)))="","(chưa PC GV)","GV: "&INDEX(PhanCong!$B$3:$I$18,MATCH(TKB_Nhap!H12,PhanCong!$A$3:$A$18,0),MATCH($A12,PhanCong!$B$2:$I$2,0)))) | I12: =IF(TKB_Nhap!I12="","",TKB_Nhap!I12&CHAR(10)&IF(T(INDEX(PhanCong!$B$3:$I$18,MATCH(TKB_Nhap!I12,PhanCong!$A$3:$A$18,0),MATCH($A12,PhanCong!$B$2:$I$2,0)))="","(chưa PC GV)","GV: "&INDEX(PhanCong!$B$3:$I$18,MATCH(TKB_Nhap!I12,PhanCong!$A$3:$A$18,0),MATCH($A12,PhanCong!$B$2:$I$2,0))))
A13: =TKB_Nhap!A13 | B13: =TKB_Nhap!B13 | C13: =TKB_Nhap!C13 | D13: =IF(TKB_Nhap!D13="","",TKB_Nhap!D13&CHAR(10)&IF(T(INDEX(PhanCong!$B$3:$I$18,MATCH(TKB_Nhap!D13,PhanCong!$A$3:$A$18,0),MATCH($A13,PhanCong!$B$2:$I$2,0)))="","(chưa PC GV)","GV: "&INDEX(PhanCong!$B$3:$I$18,MATCH(TKB_Nhap!D13,PhanCong!$A$3:$A$18,0),MATCH($A13,PhanCong!$B$2:$I$2,0)))) | E13: =IF(TKB_Nhap!E13="","",TKB_Nhap!E13&CHAR(10)&IF(T(INDEX(PhanCong!$B$3:$I$18,MATCH(TKB_Nhap!E13,PhanCong!$A$3:$A$18,0),MATCH($A13,PhanCong!$B$2:$I$2,0)))="","(chưa PC GV)","GV: "&INDEX(PhanCong!$B$3:$I$18,MATCH(TKB_Nhap!E13,PhanCong!$A$3:$A$18,0),MATCH($A13,PhanCong!$B$2:$I$2,0)))) | F13: =IF(TKB_Nhap!F13="","",TKB_Nhap!F13&CHAR(10)&IF(T(INDEX(PhanCong!$B$3:$I$18,MATCH(TKB_Nhap!F13,PhanCong!$A$3:$A$18,0),MATCH($A13,PhanCong!$B$2:$I$2,0)))="","(chưa PC GV)","GV: "&INDEX(PhanCong!$B$3:$I$18,MATCH(TKB_Nhap!F13,PhanCong!$A$3:$A$18,0),MATCH($A13,PhanCong!$B$2:$I$2,0)))) | G13: =IF(TKB_Nhap!G13="","",TKB_Nhap!G13&CHAR(10)&IF(T(INDEX(PhanCong!$B$3:$I$18,MATCH(TKB_Nhap!G13,PhanCong!$A$3:$A$18,0),MATCH($A13,PhanCong!$B$2:$I$2,0)))="","(chưa PC GV)","GV: "&INDEX(PhanCong!$B$3:$I$18,MATCH(TKB_Nhap!G13,PhanCong!$A$3:$A$18,0),MATCH($A13,PhanCong!$B$2:$I$2,0)))) | H13: =IF(TKB_Nhap!H13="","",TKB_Nhap!H13&CHAR(10)&IF(T(INDEX(PhanCong!$B$3:$I$18,MATCH(TKB_Nhap!H13,PhanCong!$A$3:$A$18,0),MATCH($A13,PhanCong!$B$2:$I$2,0)))="","(chưa PC GV)","GV: "&INDEX(PhanCong!$B$3:$I$18,MATCH(TKB_Nhap!H13,PhanCong!$A$3:$A$18,0),MATCH($A13,PhanCong!$B$2:$I$2,0)))) | I13: =IF(TKB_Nhap!I13="","",TKB_Nhap!I13&CHAR(10)&IF(T(INDEX(PhanCong!$B$3:$I$18,MATCH(TKB_Nhap!I13,PhanCong!$A$3:$A$18,0),MATCH($A13,PhanCong!$B$2:$I$2,0)))="","(chưa PC GV)","GV: "&INDEX(PhanCong!$B$3:$I$18,MATCH(TKB_Nhap!I13,PhanCong!$A$3:$A$18,0),MATCH($A13,PhanCong!$B$2:$I$2,0))))
... A57: =TKB_Nhap!A57 | B57: =TKB_Nhap!B57 | C57: =TKB_Nhap!C57 | D57: =IF(TKB_Nhap!D57="","",TKB_Nhap!D57&CHAR(10)&IF(T(INDEX(PhanCong!$B$3:$I$18,MATCH(TKB_Nhap!D57,PhanCong!$A$3:$A$18,0),MATCH($A57,PhanCong!$B$2:$I$2,0)))="","(chưa PC GV)","GV: "&INDEX(PhanCong!$B$3:$I$18,MATCH(TKB_Nhap!D57,PhanCong!$A$3:$A$18,0),MATCH($A57,PhanCong!$B$2:$I$2,0)))) | E57: =IF(TKB_Nhap!E57="","",TKB_Nhap!E57&CHAR(10)&IF(T(INDEX(PhanCong!$B$3:$I$18,MATCH(TKB_Nhap!E57,PhanCong!$A$3:$A$18,0),MATCH($A57,PhanCong!$B$2:$I$2,0)))="","(chưa PC GV)","GV: "&INDEX(PhanCong!$B$3:$I$18,MATCH(TKB_Nhap!E57,PhanCong!$A$3:$A$18,0),MATCH($A57,PhanCong!$B$2:$I$2,0)))) | F57: =IF(TKB_Nhap!F57="","",TKB_Nhap!F57&CHAR(10)&IF(T(INDEX(PhanCong!$B$3:$I$18,MATCH(TKB_Nhap!F57,PhanCong!$A$3:$A$18,0),MATCH($A57,PhanCong!$B$2:$I$2,0)))="","(chưa PC GV)","GV: "&INDEX(PhanCong!$B$3:$I$18,MATCH(TKB_Nhap!F57,PhanCong!$A$3:$A$18,0),MATCH($A57,PhanCong!$B$2:$I$2,0)))) | G57: =IF(TKB_Nhap!G57="","",TKB_Nhap!G57&CHAR(10)&IF(T(INDEX(PhanCong!$B$3:$I$18,MATCH(TKB_Nhap!G57,PhanCong!$A$3:$A$18,0),MATCH($A57,PhanCong!$B$2:$I$2,0)))="","(chưa PC GV)","GV: "&INDEX(PhanCong!$B$3:$I$18,MATCH(TKB_Nhap!G57,PhanCong!$A$3:$A$18,0),MATCH($A57,PhanCong!$B$2:$I$2,0)))) | H57: =IF(TKB_Nhap!H57="","",TKB_Nhap!H57&CHAR(10)&IF(T(INDEX(PhanCong!$B$3:$I$18,MATCH(TKB_Nhap!H57,PhanCong!$A$3:$A$18,0),MATCH($A57,PhanCong!$B$2:$I$2,0)))="","(chưa PC GV)","GV: "&INDEX(PhanCong!$B$3:$I$18,MATCH(TKB_Nhap!H57,PhanCong!$A$3:$A$18,0),MATCH($A57,PhanCong!$B$2:$I$2,0)))) | I57: =IF(TKB_Nhap!I57="","",TKB_Nhap!I57&CHAR(10)&IF(T(INDEX(PhanCong!$B$3:$I$18,MATCH(TKB_Nhap!I57,PhanCong!$A$3:$A$18,0),MATCH($A57,PhanCong!$B$2:$I$2,0)))="","(chưa PC GV)","GV: "&INDEX(PhanCong!$B$3:$I$18,MATCH(TKB_Nhap!I57,PhanCong!$A$3:$A$18,0),MATCH($A57,PhanCong!$B$2:$I$2,0))))

Sheet TKB_GV
A1: LỚP HỌC | B1: BUỔI | C1: TIẾT THỨ | D1: THỨ 2 | E1: THỨ 3 | F1: THỨ 4 | G1: THỨ 5 | H1: THỨ 6 | I1: THỨ 7 | J1: CHỦ NHẬT | L1: Cờ trùng GV (ẩn) →
A2: =TKB_Nhap!A2 | B2: =TKB_Nhap!B2 | C2: =TKB_Nhap!C2 | D2: =IF(TKB_Nhap!D2="","",IFERROR(T(INDEX(PhanCong!$B$3:$I$18,MATCH(TKB_Nhap!D2,PhanCong!$A$3:$A$18,0),MATCH($A2,PhanCong!$B$2:$I$2,0))),"")) | E2: =IF(TKB_Nhap!E2="","",IFERROR(T(INDEX(PhanCong!$B$3:$I$18,MATCH(TKB_Nhap!E2,PhanCong!$A$3:$A$18,0),MATCH($A2,PhanCong!$B$2:$I$2,0))),"")) | F2: =IF(TKB_Nhap!F2="","",IFERROR(T(INDEX(PhanCong!$B$3:$I$18,MATCH(TKB_Nhap!F2,PhanCong!$A$3:$A$18,0),MATCH($A2,PhanCong!$B$2:$I$2,0))),"")) | G2: =IF(TKB_Nhap!G2="","",IFERROR(T(INDEX(PhanCong!$B$3:$I$18,MATCH(TKB_Nhap!G2,PhanCong!$A$3:$A$18,0),MATCH($A2,PhanCong!$B$2:$I$2,0))),"")) | H2: =IF(TKB_Nhap!H2="","",IFERROR(T(INDEX(PhanCong!$B$3:$I$18,MATCH(TKB_Nhap!H2,PhanCong!$A$3:$A$18,0),MATCH($A2,PhanCong!$B$2:$I$2,0))),"")) | I2: =IF(TKB_Nhap!I2="","",IFERROR(T(INDEX(PhanCong!$B$3:$I$18,MATCH(TKB_Nhap!I2,PhanCong!$A$3:$A$18,0),MATCH($A2,PhanCong!$B$2:$I$2,0))),""))
A3: =TKB_Nhap!A3 | B3: =TKB_Nhap!B3 | C3: =TKB_Nhap!C3 | D3: =IF(TKB_Nhap!D3="","",IFERROR(T(INDEX(PhanCong!$B$3:$I$18,MATCH(TKB_Nhap!D3,PhanCong!$A$3:$A$18,0),MATCH($A3,PhanCong!$B$2:$I$2,0))),"")) | E3: =IF(TKB_Nhap!E3="","",IFERROR(T(INDEX(PhanCong!$B$3:$I$18,MATCH(TKB_Nhap!E3,PhanCong!$A$3:$A$18,0),MATCH($A3,PhanCong!$B$2:$I$2,0))),"")) | F3: =IF(TKB_Nhap!F3="","",IFERROR(T(INDEX(PhanCong!$B$3:$I$18,MATCH(TKB_Nhap!F3,PhanCong!$A$3:$A$18,0),MATCH($A3,PhanCong!$B$2:$I$2,0))),"")) | G3: =IF(TKB_Nhap!G3="","",IFERROR(T(INDEX(PhanCong!$B$3:$I$18,MATCH(TKB_Nhap!G3,PhanCong!$A$3:$A$18,0),MATCH($A3,PhanCong!$B$2:$I$2,0))),"")) | H3: =IF(TKB_Nhap!H3="","",IFERROR(T(INDEX(PhanCong!$B$3:$I$18,MATCH(TKB_Nhap!H3,PhanCong!$A$3:$A$18,0),MATCH($A3,PhanCong!$B$2:$I$2,0))),"")) | I3: =IF(TKB_Nhap!I3="","",IFERROR(T(INDEX(PhanCong!$B$3:$I$18,MATCH(TKB_Nhap!I3,PhanCong!$A$3:$A$18,0),MATCH($A3,PhanCong!$B$2:$I$2,0))),""))
A4: =TKB_Nhap!A4 | B4: =TKB_Nhap!B4 | C4: =TKB_Nhap!C4 | D4: =IF(TKB_Nhap!D4="","",IFERROR(T(INDEX(PhanCong!$B$3:$I$18,MATCH(TKB_Nhap!D4,PhanCong!$A$3:$A$18,0),MATCH($A4,PhanCong!$B$2:$I$2,0))),"")) | E4: =IF(TKB_Nhap!E4="","",IFERROR(T(INDEX(PhanCong!$B$3:$I$18,MATCH(TKB_Nhap!E4,PhanCong!$A$3:$A$18,0),MATCH($A4,PhanCong!$B$2:$I$2,0))),"")) | F4: =IF(TKB_Nhap!F4="","",IFERROR(T(INDEX(PhanCong!$B$3:$I$18,MATCH(TKB_Nhap!F4,PhanCong!$A$3:$A$18,0),MATCH($A4,PhanCong!$B$2:$I$2,0))),"")) | G4: =IF(TKB_Nhap!G4="","",IFERROR(T(INDEX(PhanCong!$B$3:$I$18,MATCH(TKB_Nhap!G4,PhanCong!$A$3:$A$18,0),MATCH($A4,PhanCong!$B$2:$I$2,0))),"")) | H4: =IF(TKB_Nhap!H4="","",IFERROR(T(INDEX(PhanCong!$B$3:$I$18,MATCH(TKB_Nhap!H4,PhanCong!$A$3:$A$18,0),MATCH($A4,PhanCong!$B$2:$I$2,0))),"")) | I4: =IF(TKB_Nhap!I4="","",IFERROR(T(INDEX(PhanCong!$B$3:$I$18,MATCH(TKB_Nhap!I4,PhanCong!$A$3:$A$18,0),MATCH($A4,PhanCong!$B$2:$I$2,0))),""))
A5: =TKB_Nhap!A5 | B5: =TKB_Nhap!B5 | C5: =TKB_Nhap!C5 | D5: =IF(TKB_Nhap!D5="","",IFERROR(T(INDEX(PhanCong!$B$3:$I$18,MATCH(TKB_Nhap!D5,PhanCong!$A$3:$A$18,0),MATCH($A5,PhanCong!$B$2:$I$2,0))),"")) | E5: =IF(TKB_Nhap!E5="","",IFERROR(T(INDEX(PhanCong!$B$3:$I$18,MATCH(TKB_Nhap!E5,PhanCong!$A$3:$A$18,0),MATCH($A5,PhanCong!$B$2:$I$2,0))),"")) | F5: =IF(TKB_Nhap!F5="","",IFERROR(T(INDEX(PhanCong!$B$3:$I$18,MATCH(TKB_Nhap!F5,PhanCong!$A$3:$A$18,0),MATCH($A5,PhanCong!$B$2:$I$2,0))),"")) | G5: =IF(TKB_Nhap!G5="","",IFERROR(T(INDEX(PhanCong!$B$3:$I$18,MATCH(TKB_Nhap!G5,PhanCong!$A$3:$A$18,0),MATCH($A5,PhanCong!$B$2:$I$2,0))),"")) | H5: =IF(TKB_Nhap!H5="","",IFERROR(T(INDEX(PhanCong!$B$3:$I$18,MATCH(TKB_Nhap!H5,PhanCong!$A$3:$A$18,0),MATCH($A5,PhanCong!$B$2:$I$2,0))),"")) | I5: =IF(TKB_Nhap!I5="","",IFERROR(T(INDEX(PhanCong!$B$3:$I$18,MATCH(TKB_Nhap!I5,PhanCong!$A$3:$A$18,0),MATCH($A5,PhanCong!$B$2:$I$2,0))),""))
A6: =TKB_Nhap!A6 | B6: =TKB_Nhap!B6 | C6: =TKB_Nhap!C6 | D6: =IF(TKB_Nhap!D6="","",IFERROR(T(INDEX(PhanCong!$B$3:$I$18,MATCH(TKB_Nhap!D6,PhanCong!$A$3:$A$18,0),MATCH($A6,PhanCong!$B$2:$I$2,0))),"")) | E6: =IF(TKB_Nhap!E6="","",IFERROR(T(INDEX(PhanCong!$B$3:$I$18,MATCH(TKB_Nhap!E6,PhanCong!$A$3:$A$18,0),MATCH($A6,PhanCong!$B$2:$I$2,0))),"")) | F6: =IF(TKB_Nhap!F6="","",IFERROR(T(INDEX(PhanCong!$B$3:$I$18,MATCH(TKB_Nhap!F6,PhanCong!$A$3:$A$18,0),MATCH($A6,PhanCong!$B$2:$I$2,0))),"")) | G6: =IF(TKB_Nhap!G6="","",IFERROR(T(INDEX(PhanCong!$B$3:$I$18,MATCH(TKB_Nhap!G6,PhanCong!$A$3:$A$18,0),MATCH($A6,PhanCong!$B$2:$I$2,0))),"")) | H6: =IF(TKB_Nhap!H6="","",IFERROR(T(INDEX(PhanCong!$B$3:$I$18,MATCH(TKB_Nhap!H6,PhanCong!$A$3:$A$18,0),MATCH($A6,PhanCong!$B$2:$I$2,0))),"")) | I6: =IF(TKB_Nhap!I6="","",IFERROR(T(INDEX(PhanCong!$B$3:$I$18,MATCH(TKB_Nhap!I6,PhanCong!$A$3:$A$18,0),MATCH($A6,PhanCong!$B$2:$I$2,0))),""))
A7: =TKB_Nhap!A7 | B7: =TKB_Nhap!B7 | C7: =TKB_Nhap!C7 | D7: =IF(TKB_Nhap!D7="","",IFERROR(T(INDEX(PhanCong!$B$3:$I$18,MATCH(TKB_Nhap!D7,PhanCong!$A$3:$A$18,0),MATCH($A7,PhanCong!$B$2:$I$2,0))),"")) | E7: =IF(TKB_Nhap!E7="","",IFERROR(T(INDEX(PhanCong!$B$3:$I$18,MATCH(TKB_Nhap!E7,PhanCong!$A$3:$A$18,0),MATCH($A7,PhanCong!$B$2:$I$2,0))),"")) | F7: =IF(TKB_Nhap!F7="","",IFERROR(T(INDEX(PhanCong!$B$3:$I$18,MATCH(TKB_Nhap!F7,PhanCong!$A$3:$A$18,0),MATCH($A7,PhanCong!$B$2:$I$2,0))),"")) | G7: =IF(TKB_Nhap!G7="","",IFERROR(T(INDEX(PhanCong!$B$3:$I$18,MATCH(TKB_Nhap!G7,PhanCong!$A$3:$A$18,0),MATCH($A7,PhanCong!$B$2:$I$2,0))),"")) | H7: =IF(TKB_Nhap!H7="","",IFERROR(T(INDEX(PhanCong!$B$3:$I$18,MATCH(TKB_Nhap!H7,PhanCong!$A$3:$A$18,0),MATCH($A7,PhanCong!$B$2:$I$2,0))),"")) | I7: =IF(TKB_Nhap!I7="","",IFERROR(T(INDEX(PhanCong!$B$3:$I$18,MATCH(TKB_Nhap!I7,PhanCong!$A$3:$A$18,0),MATCH($A7,PhanCong!$B$2:$I$2,0))),""))
A8: =TKB_Nhap!A8 | B8: =TKB_Nhap!B8 | C8: =TKB_Nhap!C8 | D8: =IF(TKB_Nhap!D8="","",IFERROR(T(INDEX(PhanCong!$B$3:$I$18,MATCH(TKB_Nhap!D8,PhanCong!$A$3:$A$18,0),MATCH($A8,PhanCong!$B$2:$I$2,0))),"")) | E8: =IF(TKB_Nhap!E8="","",IFERROR(T(INDEX(PhanCong!$B$3:$I$18,MATCH(TKB_Nhap!E8,PhanCong!$A$3:$A$18,0),MATCH($A8,PhanCong!$B$2:$I$2,0))),"")) | F8: =IF(TKB_Nhap!F8="","",IFERROR(T(INDEX(PhanCong!$B$3:$I$18,MATCH(TKB_Nhap!F8,PhanCong!$A$3:$A$18,0),MATCH($A8,PhanCong!$B$2:$I$2,0))),"")) | G8: =IF(TKB_Nhap!G8="","",IFERROR(T(INDEX(PhanCong!$B$3:$I$18,MATCH(TKB_Nhap!G8,PhanCong!$A$3:$A$18,0),MATCH($A8,PhanCong!$B$2:$I$2,0))),"")) | H8: =IF(TKB_Nhap!H8="","",IFERROR(T(INDEX(PhanCong!$B$3:$I$18,MATCH(TKB_Nhap!H8,PhanCong!$A$3:$A$18,0),MATCH($A8,PhanCong!$B$2:$I$2,0))),"")) | I8: =IF(TKB_Nhap!I8="","",IFERROR(T(INDEX(PhanCong!$B$3:$I$18,MATCH(TKB_Nhap!I8,PhanCong!$A$3:$A$18,0),MATCH($A8,PhanCong!$B$2:$I$2,0))),""))
A9: =TKB_Nhap!A9 | B9: =TKB_Nhap!B9 | C9: =TKB_Nhap!C9 | D9: =IF(TKB_Nhap!D9="","",IFERROR(T(INDEX(PhanCong!$B$3:$I$18,MATCH(TKB_Nhap!D9,PhanCong!$A$3:$A$18,0),MATCH($A9,PhanCong!$B$2:$I$2,0))),"")) | E9: =IF(TKB_Nhap!E9="","",IFERROR(T(INDEX(PhanCong!$B$3:$I$18,MATCH(TKB_Nhap!E9,PhanCong!$A$3:$A$18,0),MATCH($A9,PhanCong!$B$2:$I$2,0))),"")) | F9: =IF(TKB_Nhap!F9="","",IFERROR(T(INDEX(PhanCong!$B$3:$I$18,MATCH(TKB_Nhap!F9,PhanCong!$A$3:$A$18,0),MATCH($A9,PhanCong!$B$2:$I$2,0))),"")) | G9: =IF(TKB_Nhap!G9="","",IFERROR(T(INDEX(PhanCong!$B$3:$I$18,MATCH(TKB_Nhap!G9,PhanCong!$A$3:$A$18,0),MATCH($A9,PhanCong!$B$2:$I$2,0))),"")) | H9: =IF(TKB_Nhap!H9="","",IFERROR(T(INDEX(PhanCong!$B$3:$I$18,MATCH(TKB_Nhap!H9,PhanCong!$A$3:$A$18,0),MATCH($A9,PhanCong!$B$2:$I$2,0))),"")) | I9: =IF(TKB_Nhap!I9="","",IFERROR(T(INDEX(PhanCong!$B$3:$I$18,MATCH(TKB_Nhap!I9,PhanCong!$A$3:$A$18,0),MATCH($A9,PhanCong!$B$2:$I$2,0))),""))
A10: =TKB_Nhap!A10 | B10: =TKB_Nhap!B10 | C10: =TKB_Nhap!C10 | D10: =IF(TKB_Nhap!D10="","",IFERROR(T(INDEX(PhanCong!$B$3:$I$18,MATCH(TKB_Nhap!D10,PhanCong!$A$3:$A$18,0),MATCH($A10,PhanCong!$B$2:$I$2,0))),"")) | E10: =IF(TKB_Nhap!E10="","",IFERROR(T(INDEX(PhanCong!$B$3:$I$18,MATCH(TKB_Nhap!E10,PhanCong!$A$3:$A$18,0),MATCH($A10,PhanCong!$B$2:$I$2,0))),"")) | F10: =IF(TKB_Nhap!F10="","",IFERROR(T(INDEX(PhanCong!$B$3:$I$18,MATCH(TKB_Nhap!F10,PhanCong!$A$3:$A$18,0),MATCH($A10,PhanCong!$B$2:$I$2,0))),"")) | G10: =IF(TKB_Nhap!G10="","",IFERROR(T(INDEX(PhanCong!$B$3:$I$18,MATCH(TKB_Nhap!G10,PhanCong!$A$3:$A$18,0),MATCH($A10,PhanCong!$B$2:$I$2,0))),"")) | H10: =IF(TKB_Nhap!H10="","",IFERROR(T(INDEX(PhanCong!$B$3:$I$18,MATCH(TKB_Nhap!H10,PhanCong!$A$3:$A$18,0),MATCH($A10,PhanCong!$B$2:$I$2,0))),"")) | I10: =IF(TKB_Nhap!I10="","",IFERROR(T(INDEX(PhanCong!$B$3:$I$18,MATCH(TKB_Nhap!I10,PhanCong!$A$3:$A$18,0),MATCH($A10,PhanCong!$B$2:$I$2,0))),""))
A11: =TKB_Nhap!A11 | B11: =TKB_Nhap!B11 | C11: =TKB_Nhap!C11 | D11: =IF(TKB_Nhap!D11="","",IFERROR(T(INDEX(PhanCong!$B$3:$I$18,MATCH(TKB_Nhap!D11,PhanCong!$A$3:$A$18,0),MATCH($A11,PhanCong!$B$2:$I$2,0))),"")) | E11: =IF(TKB_Nhap!E11="","",IFERROR(T(INDEX(PhanCong!$B$3:$I$18,MATCH(TKB_Nhap!E11,PhanCong!$A$3:$A$18,0),MATCH($A11,PhanCong!$B$2:$I$2,0))),"")) | F11: =IF(TKB_Nhap!F11="","",IFERROR(T(INDEX(PhanCong!$B$3:$I$18,MATCH(TKB_Nhap!F11,PhanCong!$A$3:$A$18,0),MATCH($A11,PhanCong!$B$2:$I$2,0))),"")) | G11: =IF(TKB_Nhap!G11="","",IFERROR(T(INDEX(PhanCong!$B$3:$I$18,MATCH(TKB_Nhap!G11,PhanCong!$A$3:$A$18,0),MATCH($A11,PhanCong!$B$2:$I$2,0))),"")) | H11: =IF(TKB_Nhap!H11="","",IFERROR(T(INDEX(PhanCong!$B$3:$I$18,MATCH(TKB_Nhap!H11,PhanCong!$A$3:$A$18,0),MATCH($A11,PhanCong!$B$2:$I$2,0))),"")) | I11: =IF(TKB_Nhap!I11="","",IFERROR(T(INDEX(PhanCong!$B$3:$I$18,MATCH(TKB_Nhap!I11,PhanCong!$A$3:$A$18,0),MATCH($A11,PhanCong!$B$2:$I$2,0))),""))
A12: =TKB_Nhap!A12 | B12: =TKB_Nhap!B12 | C12: =TKB_Nhap!C12 | D12: =IF(TKB_Nhap!D12="","",IFERROR(T(INDEX(PhanCong!$B$3:$I$18,MATCH(TKB_Nhap!D12,PhanCong!$A$3:$A$18,0),MATCH($A12,PhanCong!$B$2:$I$2,0))),"")) | E12: =IF(TKB_Nhap!E12="","",IFERROR(T(INDEX(PhanCong!$B$3:$I$18,MATCH(TKB_Nhap!E12,PhanCong!$A$3:$A$18,0),MATCH($A12,PhanCong!$B$2:$I$2,0))),"")) | F12: =IF(TKB_Nhap!F12="","",IFERROR(T(INDEX(PhanCong!$B$3:$I$18,MATCH(TKB_Nhap!F12,PhanCong!$A$3:$A$18,0),MATCH($A12,PhanCong!$B$2:$I$2,0))),"")) | G12: =IF(TKB_Nhap!G12="","",IFERROR(T(INDEX(PhanCong!$B$3:$I$18,MATCH(TKB_Nhap!G12,PhanCong!$A$3:$A$18,0),MATCH($A12,PhanCong!$B$2:$I$2,0))),"")) | H12: =IF(TKB_Nhap!H12="","",IFERROR(T(INDEX(PhanCong!$B$3:$I$18,MATCH(TKB_Nhap!H12,PhanCong!$A$3:$A$18,0),MATCH($A12,PhanCong!$B$2:$I$2,0))),"")) | I12: =IF(TKB_Nhap!I12="","",IFERROR(T(INDEX(PhanCong!$B$3:$I$18,MATCH(TKB_Nhap!I12,PhanCong!$A$3:$A$18,0),MATCH($A12,PhanCong!$B$2:$I$2,0))),""))
A13: =TKB_Nhap!A13 | B13: =TKB_Nhap!B13 | C13: =TKB_Nhap!C13 | D13: =IF(TKB_Nhap!D13="","",IFERROR(T(INDEX(PhanCong!$B$3:$I$18,MATCH(TKB_Nhap!D13,PhanCong!$A$3:$A$18,0),MATCH($A13,PhanCong!$B$2:$I$2,0))),"")) | E13: =IF(TKB_Nhap!E13="","",IFERROR(T(INDEX(PhanCong!$B$3:$I$18,MATCH(TKB_Nhap!E13,PhanCong!$A$3:$A$18,0),MATCH($A13,PhanCong!$B$2:$I$2,0))),"")) | F13: =IF(TKB_Nhap!F13="","",IFERROR(T(INDEX(PhanCong!$B$3:$I$18,MATCH(TKB_Nhap!F13,PhanCong!$A$3:$A$18,0),MATCH($A13,PhanCong!$B$2:$I$2,0))),"")) | G13: =IF(TKB_Nhap!G13="","",IFERROR(T(INDEX(PhanCong!$B$3:$I$18,MATCH(TKB_Nhap!G13,PhanCong!$A$3:$A$18,0),MATCH($A13,PhanCong!$B$2:$I$2,0))),"")) | H13: =IF(TKB_Nhap!H13="","",IFERROR(T(INDEX(PhanCong!$B$3:$I$18,MATCH(TKB_Nhap!H13,PhanCong!$A$3:$A$18,0),MATCH($A13,PhanCong!$B$2:$I$2,0))),"")) | I13: =IF(TKB_Nhap!I13="","",IFERROR(T(INDEX(PhanCong!$B$3:$I$18,MATCH(TKB_Nhap!I13,PhanCong!$A$3:$A$18,0),MATCH($A13,PhanCong!$B$2:$I$2,0))),""))
... A57: =TKB_Nhap!A57 | B57: =TKB_Nhap!B57 | C57: =TKB_Nhap!C57 | D57: =IF(TKB_Nhap!D57="","",IFERROR(T(INDEX(PhanCong!$B$3:$I$18,MATCH(TKB_Nhap!D57,PhanCong!$A$3:$A$18,0),MATCH($A57,PhanCong!$B$2:$I$2,0))),"")) | E57: =IF(TKB_Nhap!E57="","",IFERROR(T(INDEX(PhanCong!$B$3:$I$18,MATCH(TKB_Nhap!E57,PhanCong!$A$3:$A$18,0),MATCH($A57,PhanCong!$B$2:$I$2,0))),"")) | F57: =IF(TKB_Nhap!F57="","",IFERROR(T(INDEX(PhanCong!$B$3:$I$18,MATCH(TKB_Nhap!F57,PhanCong!$A$3:$A$18,0),MATCH($A57,PhanCong!$B$2:$I$2,0))),"")) | G57: =IF(TKB_Nhap!G57="","",IFERROR(T(INDEX(PhanCong!$B$3:$I$18,MATCH(TKB_Nhap!G57,PhanCong!$A$3:$A$18,0),MATCH($A57,PhanCong!$B$2:$I$2,0))),"")) | H57: =IF(TKB_Nhap!H57="","",IFERROR(T(INDEX(PhanCong!$B$3:$I$18,MATCH(TKB_Nhap!H57,PhanCong!$A$3:$A$18,0),MATCH($A57,PhanCong!$B$2:$I$2,0))),"")) | I57: =IF(TKB_Nhap!I57="","",IFERROR(T(INDEX(PhanCong!$B$3:$I$18,MATCH(TKB_Nhap!I57,PhanCong!$A$3:$A$18,0),MATCH($A57,PhanCong!$B$2:$I$2,0))),""))

Sheet KiemTra
A1: KIỂM TRA — Định mức theo TuanConfig!B2 (C/L). Chênh lệch=Đã xếp−Định mức (0=đạt)
A3: Môn \ Lớp | B3: 6A5 | C3: 6A6 | D3: 7A4 | E3: 7A5 | F3: 8A5 | G3: 8A6 | H3: 9A5 | I3: 9A6
A4: Toán học | B4: =SUMPRODUCT((TKB_Nhap!$A$2:$A$57=B$3)*(TKB_Nhap!$D$2:$J$57=$A4))-IFERROR(N(IF(TuanConfig!$B$2="C",INDEX(SoTiet!$B$3:$I$18,MATCH($A4,SoTiet!$A$3:$A$18,0),1),INDEX(SoTiet!$K$3:$R$18,MATCH($A4,SoTiet!$A$3:$A$18,0),1))),0) | C4: =SUMPRODUCT((TKB_Nhap!$A$2:$A$57=C$3)*(TKB_Nhap!$D$2:$J$57=$A4))-IFERROR(N(IF(TuanConfig!$B$2="C",INDEX(SoTiet!$B$3:$I$18,MATCH($A4,SoTiet!$A$3:$A$18,0),2),INDEX(SoTiet!$K$3:$R$18,MATCH($A4,SoTiet!$A$3:$A$18,0),2))),0) | D4: =SUMPRODUCT((TKB_Nhap!$A$2:$A$57=D$3)*(TKB_Nhap!$D$2:$J$57=$A4))-IFERROR(N(IF(TuanConfig!$B$2="C",INDEX(SoTiet!$B$3:$I$18,MATCH($A4,SoTiet!$A$3:$A$18,0),3),INDEX(SoTiet!$K$3:$R$18,MATCH($A4,SoTiet!$A$3:$A$18,0),3))),0) | E4: =SUMPRODUCT((TKB_Nhap!$A$2:$A$57=E$3)*(TKB_Nhap!$D$2:$J$57=$A4))-IFERROR(N(IF(TuanConfig!$B$2="C",INDEX(SoTiet!$B$3:$I$18,MATCH($A4,SoTiet!$A$3:$A$18,0),4),INDEX(SoTiet!$K$3:$R$18,MATCH($A4,SoTiet!$A$3:$A$18,0),4))),0) | F4: =SUMPRODUCT((TKB_Nhap!$A$2:$A$57=F$3)*(TKB_Nhap!$D$2:$J$57=$A4))-IFERROR(N(IF(TuanConfig!$B$2="C",INDEX(SoTiet!$B$3:$I$18,MATCH($A4,SoTiet!$A$3:$A$18,0),5),INDEX(SoTiet!$K$3:$R$18,MATCH($A4,SoTiet!$A$3:$A$18,0),5))),0) | G4: =SUMPRODUCT((TKB_Nhap!$A$2:$A$57=G$3)*(TKB_Nhap!$D$2:$J$57=$A4))-IFERROR(N(IF(TuanConfig!$B$2="C",INDEX(SoTiet!$B$3:$I$18,MATCH($A4,SoTiet!$A$3:$A$18,0),6),INDEX(SoTiet!$K$3:$R$18,MATCH($A4,SoTiet!$A$3:$A$18,0),6))),0) | H4: =SUMPRODUCT((TKB_Nhap!$A$2:$A$57=H$3)*(TKB_Nhap!$D$2:$J$57=$A4))-IFERROR(N(IF(TuanConfig!$B$2="C",INDEX(SoTiet!$B$3:$I$18,MATCH($A4,SoTiet!$A$3:$A$18,0),7),INDEX(SoTiet!$K$3:$R$18,MATCH($A4,SoTiet!$A$3:$A$18,0),7))),0) | I4: =SUMPRODUCT((TKB_Nhap!$A$2:$A$57=I$3)*(TKB_Nhap!$D$2:$J$57=$A4))-IFERROR(N(IF(TuanConfig!$B$2="C",INDEX(SoTiet!$B$3:$I$18,MATCH($A4,SoTiet!$A$3:$A$18,0),8),INDEX(SoTiet!$K$3:$R$18,MATCH($A4,SoTiet!$A$3:$A$18,0),8))),0)
A5: Ngữ văn | B5: =SUMPRODUCT((TKB_Nhap!$A$2:$A$57=B$3)*(TKB_Nhap!$D$2:$J$57=$A5))-IFERROR(N(IF(TuanConfig!$B$2="C",INDEX(SoTiet!$B$3:$I$18,MATCH($A5,SoTiet!$A$3:$A$18,0),1),INDEX(SoTiet!$K$3:$R$18,MATCH($A5,SoTiet!$A$3:$A$18,0),1))),0) | C5: =SUMPRODUCT((TKB_Nhap!$A$2:$A$57=C$3)*(TKB_Nhap!$D$2:$J$57=$A5))-IFERROR(N(IF(TuanConfig!$B$2="C",INDEX(SoTiet!$B$3:$I$18,MATCH($A5,SoTiet!$A$3:$A$18,0),2),INDEX(SoTiet!$K$3:$R$18,MATCH($A5,SoTiet!$A$3:$A$18,0),2))),0) | D5: =SUMPRODUCT((TKB_Nhap!$A$2:$A$57=D$3)*(TKB_Nhap!$D$2:$J$57=$A5))-IFERROR(N(IF(TuanConfig!$B$2="C",INDEX(SoTiet!$B$3:$I$18,MATCH($A5,SoTiet!$A$3:$A$18,0),3),INDEX(SoTiet!$K$3:$R$18,MATCH($A5,SoTiet!$A$3:$A$18,0),3))),0) | E5: =SUMPRODUCT((TKB_Nhap!$A$2:$A$57=E$3)*(TKB_Nhap!$D$2:$J$57=$A5))-IFERROR(N(IF(TuanConfig!$B$2="C",INDEX(SoTiet!$B$3:$I$18,MATCH($A5,SoTiet!$A$3:$A$18,0),4),INDEX(SoTiet!$K$3:$R$18,MATCH($A5,SoTiet!$A$3:$A$18,0),4))),0) | F5: =SUMPRODUCT((TKB_Nhap!$A$2:$A$57=F$3)*(TKB_Nhap!$D$2:$J$57=$A5))-IFERROR(N(IF(TuanConfig!$B$2="C",INDEX(SoTiet!$B$3:$I$18,MATCH($A5,SoTiet!$A$3:$A$18,0),5),INDEX(SoTiet!$K$3:$R$18,MATCH($A5,SoTiet!$A$3:$A$18,0),5))),0) | G5: =SUMPRODUCT((TKB_Nhap!$A$2:$A$57=G$3)*(TKB_Nhap!$D$2:$J$57=$A5))-IFERROR(N(IF(TuanConfig!$B$2="C",INDEX(SoTiet!$B$3:$I$18,MATCH($A5,SoTiet!$A$3:$A$18,0),6),INDEX(SoTiet!$K$3:$R$18,MATCH($A5,SoTiet!$A$3:$A$18,0),6))),0) | H5: =SUMPRODUCT((TKB_Nhap!$A$2:$A$57=H$3)*(TKB_Nhap!$D$2:$J$57=$A5))-IFERROR(N(IF(TuanConfig!$B$2="C",INDEX(SoTiet!$B$3:$I$18,MATCH($A5,SoTiet!$A$3:$A$18,0),7),INDEX(SoTiet!$K$3:$R$18,MATCH($A5,SoTiet!$A$3:$A$18,0),7))),0) | I5: =SUMPRODUCT((TKB_Nhap!$A$2:$A$57=I$3)*(TKB_Nhap!$D$2:$J$57=$A5))-IFERROR(N(IF(TuanConfig!$B$2="C",INDEX(SoTiet!$B$3:$I$18,MATCH($A5,SoTiet!$A$3:$A$18,0),8),INDEX(SoTiet!$K$3:$R$18,MATCH($A5,SoTiet!$A$3:$A$18,0),8))),0)
A6: Ngoại ngữ | B6: =SUMPRODUCT((TKB_Nhap!$A$2:$A$57=B$3)*(TKB_Nhap!$D$2:$J$57=$A6))-IFERROR(N(IF(TuanConfig!$B$2="C",INDEX(SoTiet!$B$3:$I$18,MATCH($A6,SoTiet!$A$3:$A$18,0),1),INDEX(SoTiet!$K$3:$R$18,MATCH($A6,SoTiet!$A$3:$A$18,0),1))),0) | C6: =SUMPRODUCT((TKB_Nhap!$A$2:$A$57=C$3)*(TKB_Nhap!$D$2:$J$57=$A6))-IFERROR(N(IF(TuanConfig!$B$2="C",INDEX(SoTiet!$B$3:$I$18,MATCH($A6,SoTiet!$A$3:$A$18,0),2),INDEX(SoTiet!$K$3:$R$18,MATCH($A6,SoTiet!$A$3:$A$18,0),2))),0) | D6: =SUMPRODUCT((TKB_Nhap!$A$2:$A$57=D$3)*(TKB_Nhap!$D$2:$J$57=$A6))-IFERROR(N(IF(TuanConfig!$B$2="C",INDEX(SoTiet!$B$3:$I$18,MATCH($A6,SoTiet!$A$3:$A$18,0),3),INDEX(SoTiet!$K$3:$R$18,MATCH($A6,SoTiet!$A$3:$A$18,0),3))),0) | E6: =SUMPRODUCT((TKB_Nhap!$A$2:$A$57=E$3)*(TKB_Nhap!$D$2:$J$57=$A6))-IFERROR(N(IF(TuanConfig!$B$2="C",INDEX(SoTiet!$B$3:$I$18,MATCH($A6,SoTiet!$A$3:$A$18,0),4),INDEX(SoTiet!$K$3:$R$18,MATCH($A6,SoTiet!$A$3:$A$18,0),4))),0) | F6: =SUMPRODUCT((TKB_Nhap!$A$2:$A$57=F$3)*(TKB_Nhap!$D$2:$J$57=$A6))-IFERROR(N(IF(TuanConfig!$B$2="C",INDEX(SoTiet!$B$3:$I$18,MATCH($A6,SoTiet!$A$3:$A$18,0),5),INDEX(SoTiet!$K$3:$R$18,MATCH($A6,SoTiet!$A$3:$A$18,0),5))),0) | G6: =SUMPRODUCT((TKB_Nhap!$A$2:$A$57=G$3)*(TKB_Nhap!$D$2:$J$57=$A6))-IFERROR(N(IF(TuanConfig!$B$2="C",INDEX(SoTiet!$B$3:$I$18,MATCH($A6,SoTiet!$A$3:$A$18,0),6),INDEX(SoTiet!$K$3:$R$18,MATCH($A6,SoTiet!$A$3:$A$18,0),6))),0) | H6: =SUMPRODUCT((TKB_Nhap!$A$2:$A$57=H$3)*(TKB_Nhap!$D$2:$J$57=$A6))-IFERROR(N(IF(TuanConfig!$B$2="C",INDEX(SoTiet!$B$3:$I$18,MATCH($A6,SoTiet!$A$3:$A$18,0),7),INDEX(SoTiet!$K$3:$R$18,MATCH($A6,SoTiet!$A$3:$A$18,0),7))),0) | I6: =SUMPRODUCT((TKB_Nhap!$A$2:$A$57=I$3)*(TKB_Nhap!$D$2:$J$57=$A6))-IFERROR(N(IF(TuanConfig!$B$2="C",INDEX(SoTiet!$B$3:$I$18,MATCH($A6,SoTiet!$A$3:$A$18,0),8),INDEX(SoTiet!$K$3:$R$18,MATCH($A6,SoTiet!$A$3:$A$18,0),8))),0)
A7: Khoa học tự nhiên (Vật lý) | B7: =SUMPRODUCT((TKB_Nhap!$A$2:$A$57=B$3)*(TKB_Nhap!$D$2:$J$57=$A7))-IFERROR(N(IF(TuanConfig!$B$2="C",INDEX(SoTiet!$B$3:$I$18,MATCH($A7,SoTiet!$A$3:$A$18,0),1),INDEX(SoTiet!$K$3:$R$18,MATCH($A7,SoTiet!$A$3:$A$18,0),1))),0) | C7: =SUMPRODUCT((TKB_Nhap!$A$2:$A$57=C$3)*(TKB_Nhap!$D$2:$J$57=$A7))-IFERROR(N(IF(TuanConfig!$B$2="C",INDEX(SoTiet!$B$3:$I$18,MATCH($A7,SoTiet!$A$3:$A$18,0),2),INDEX(SoTiet!$K$3:$R$18,MATCH($A7,SoTiet!$A$3:$A$18,0),2))),0) | D7: =SUMPRODUCT((TKB_Nhap!$A$2:$A$57=D$3)*(TKB_Nhap!$D$2:$J$57=$A7))-IFERROR(N(IF(TuanConfig!$B$2="C",INDEX(SoTiet!$B$3:$I$18,MATCH($A7,SoTiet!$A$3:$A$18,0),3),INDEX(SoTiet!$K$3:$R$18,MATCH($A7,SoTiet!$A$3:$A$18,0),3))),0) | E7: =SUMPRODUCT((TKB_Nhap!$A$2:$A$57=E$3)*(TKB_Nhap!$D$2:$J$57=$A7))-IFERROR(N(IF(TuanConfig!$B$2="C",INDEX(SoTiet!$B$3:$I$18,MATCH($A7,SoTiet!$A$3:$A$18,0),4),INDEX(SoTiet!$K$3:$R$18,MATCH($A7,SoTiet!$A$3:$A$18,0),4))),0) | F7: =SUMPRODUCT((TKB_Nhap!$A$2:$A$57=F$3)*(TKB_Nhap!$D$2:$J$57=$A7))-IFERROR(N(IF(TuanConfig!$B$2="C",INDEX(SoTiet!$B$3:$I$18,MATCH($A7,SoTiet!$A$3:$A$18,0),5),INDEX(SoTiet!$K$3:$R$18,MATCH($A7,SoTiet!$A$3:$A$18,0),5))),0) | G7: =SUMPRODUCT((TKB_Nhap!$A$2:$A$57=G$3)*(TKB_Nhap!$D$2:$J$57=$A7))-IFERROR(N(IF(TuanConfig!$B$2="C",INDEX(SoTiet!$B$3:$I$18,MATCH($A7,SoTiet!$A$3:$A$18,0),6),INDEX(SoTiet!$K$3:$R$18,MATCH($A7,SoTiet!$A$3:$A$18,0),6))),0) | H7: =SUMPRODUCT((TKB_Nhap!$A$2:$A$57=H$3)*(TKB_Nhap!$D$2:$J$57=$A7))-IFERROR(N(IF(TuanConfig!$B$2="C",INDEX(SoTiet!$B$3:$I$18,MATCH($A7,SoTiet!$A$3:$A$18,0),7),INDEX(SoTiet!$K$3:$R$18,MATCH($A7,SoTiet!$A$3:$A$18,0),7))),0) | I7: =SUMPRODUCT((TKB_Nhap!$A$2:$A$57=I$3)*(TKB_Nhap!$D$2:$J$57=$A7))-IFERROR(N(IF(TuanConfig!$B$2="C",INDEX(SoTiet!$B$3:$I$18,MATCH($A7,SoTiet!$A$3:$A$18,0),8),INDEX(SoTiet!$K$3:$R$18,MATCH($A7,SoTiet!$A$3:$A$18,0),8))),0)
A8: Khoa học tự nhiên (Hoá học) | B8: =SUMPRODUCT((TKB_Nhap!$A$2:$A$57=B$3)*(TKB_Nhap!$D$2:$J$57=$A8))-IFERROR(N(IF(TuanConfig!$B$2="C",INDEX(SoTiet!$B$3:$I$18,MATCH($A8,SoTiet!$A$3:$A$18,0),1),INDEX(SoTiet!$K$3:$R$18,MATCH($A8,SoTiet!$A$3:$A$18,0),1))),0) | C8: =SUMPRODUCT((TKB_Nhap!$A$2:$A$57=C$3)*(TKB_Nhap!$D$2:$J$57=$A8))-IFERROR(N(IF(TuanConfig!$B$2="C",INDEX(SoTiet!$B$3:$I$18,MATCH($A8,SoTiet!$A$3:$A$18,0),2),INDEX(SoTiet!$K$3:$R$18,MATCH($A8,SoTiet!$A$3:$A$18,0),2))),0) | D8: =SUMPRODUCT((TKB_Nhap!$A$2:$A$57=D$3)*(TKB_Nhap!$D$2:$J$57=$A8))-IFERROR(N(IF(TuanConfig!$B$2="C",INDEX(SoTiet!$B$3:$I$18,MATCH($A8,SoTiet!$A$3:$A$18,0),3),INDEX(SoTiet!$K$3:$R$18,MATCH($A8,SoTiet!$A$3:$A$18,0),3))),0) | E8: =SUMPRODUCT((TKB_Nhap!$A$2:$A$57=E$3)*(TKB_Nhap!$D$2:$J$57=$A8))-IFERROR(N(IF(TuanConfig!$B$2="C",INDEX(SoTiet!$B$3:$I$18,MATCH($A8,SoTiet!$A$3:$A$18,0),4),INDEX(SoTiet!$K$3:$R$18,MATCH($A8,SoTiet!$A$3:$A$18,0),4))),0) | F8: =SUMPRODUCT((TKB_Nhap!$A$2:$A$57=F$3)*(TKB_Nhap!$D$2:$J$57=$A8))-IFERROR(N(IF(TuanConfig!$B$2="C",INDEX(SoTiet!$B$3:$I$18,MATCH($A8,SoTiet!$A$3:$A$18,0),5),INDEX(SoTiet!$K$3:$R$18,MATCH($A8,SoTiet!$A$3:$A$18,0),5))),0) | G8: =SUMPRODUCT((TKB_Nhap!$A$2:$A$57=G$3)*(TKB_Nhap!$D$2:$J$57=$A8))-IFERROR(N(IF(TuanConfig!$B$2="C",INDEX(SoTiet!$B$3:$I$18,MATCH($A8,SoTiet!$A$3:$A$18,0),6),INDEX(SoTiet!$K$3:$R$18,MATCH($A8,SoTiet!$A$3:$A$18,0),6))),0) | H8: =SUMPRODUCT((TKB_Nhap!$A$2:$A$57=H$3)*(TKB_Nhap!$D$2:$J$57=$A8))-IFERROR(N(IF(TuanConfig!$B$2="C",INDEX(SoTiet!$B$3:$I$18,MATCH($A8,SoTiet!$A$3:$A$18,0),7),INDEX(SoTiet!$K$3:$R$18,MATCH($A8,SoTiet!$A$3:$A$18,0),7))),0) | I8: =SUMPRODUCT((TKB_Nhap!$A$2:$A$57=I$3)*(TKB_Nhap!$D$2:$J$57=$A8))-IFERROR(N(IF(TuanConfig!$B$2="C",INDEX(SoTiet!$B$3:$I$18,MATCH($A8,SoTiet!$A$3:$A$18,0),8),INDEX(SoTiet!$K$3:$R$18,MATCH($A8,SoTiet!$A$3:$A$18,0),8))),0)
A9: Khoa học tự nhiên (Sinh học) | B9: =SUMPRODUCT((TKB_Nhap!$A$2:$A$57=B$3)*(TKB_Nhap!$D$2:$J$57=$A9))-IFERROR(N(IF(TuanConfig!$B$2="C",INDEX(SoTiet!$B$3:$I$18,MATCH($A9,SoTiet!$A$3:$A$18,0),1),INDEX(SoTiet!$K$3:$R$18,MATCH($A9,SoTiet!$A$3:$A$18,0),1))),0) | C9: =SUMPRODUCT((TKB_Nhap!$A$2:$A$57=C$3)*(TKB_Nhap!$D$2:$J$57=$A9))-IFERROR(N(IF(TuanConfig!$B$2="C",INDEX(SoTiet!$B$3:$I$18,MATCH($A9,SoTiet!$A$3:$A$18,0),2),INDEX(SoTiet!$K$3:$R$18,MATCH($A9,SoTiet!$A$3:$A$18,0),2))),0) | D9: =SUMPRODUCT((TKB_Nhap!$A$2:$A$57=D$3)*(TKB_Nhap!$D$2:$J$57=$A9))-IFERROR(N(IF(TuanConfig!$B$2="C",INDEX(SoTiet!$B$3:$I$18,MATCH($A9,SoTiet!$A$3:$A$18,0),3),INDEX(SoTiet!$K$3:$R$18,MATCH($A9,SoTiet!$A$3:$A$18,0),3))),0) | E9: =SUMPRODUCT((TKB_Nhap!$A$2:$A$57=E$3)*(TKB_Nhap!$D$2:$J$57=$A9))-IFERROR(N(IF(TuanConfig!$B$2="C",INDEX(SoTiet!$B$3:$I$18,MATCH($A9,SoTiet!$A$3:$A$18,0),4),INDEX(SoTiet!$K$3:$R$18,MATCH($A9,SoTiet!$A$3:$A$18,0),4))),0) | F9: =SUMPRODUCT((TKB_Nhap!$A$2:$A$57=F$3)*(TKB_Nhap!$D$2:$J$57=$A9))-IFERROR(N(IF(TuanConfig!$B$2="C",INDEX(SoTiet!$B$3:$I$18,MATCH($A9,SoTiet!$A$3:$A$18,0),5),INDEX(SoTiet!$K$3:$R$18,MATCH($A9,SoTiet!$A$3:$A$18,0),5))),0) | G9: =SUMPRODUCT((TKB_Nhap!$A$2:$A$57=G$3)*(TKB_Nhap!$D$2:$J$57=$A9))-IFERROR(N(IF(TuanConfig!$B$2="C",INDEX(SoTiet!$B$3:$I$18,MATCH($A9,SoTiet!$A$3:$A$18,0),6),INDEX(SoTiet!$K$3:$R$18,MATCH($A9,SoTiet!$A$3:$A$18,0),6))),0) | H9: =SUMPRODUCT((TKB_Nhap!$A$2:$A$57=H$3)*(TKB_Nhap!$D$2:$J$57=$A9))-IFERROR(N(IF(TuanConfig!$B$2="C",INDEX(SoTiet!$B$3:$I$18,MATCH($A9,SoTiet!$A$3:$A$18,0),7),INDEX(SoTiet!$K$3:$R$18,MATCH($A9,SoTiet!$A$3:$A$18,0),7))),0) | I9: =SUMPRODUCT((TKB_Nhap!$A$2:$A$57=I$3)*(TKB_Nhap!$D$2:$J$57=$A9))-IFERROR(N(IF(TuanConfig!$B$2="C",INDEX(SoTiet!$B$3:$I$18,MATCH($A9,SoTiet!$A$3:$A$18,0),8),INDEX(SoTiet!$K$3:$R$18,MATCH($A9,SoTiet!$A$3:$A$18,0),8))),0)
A10: Lịch sử và địa lý (Lịch sử) | B10: =SUMPRODUCT((TKB_Nhap!$A$2:$A$57=B$3)*(TKB_Nhap!$D$2:$J$57=$A10))-IFERROR(N(IF(TuanConfig!$B$2="C",INDEX(SoTiet!$B$3:$I$18,MATCH($A10,SoTiet!$A$3:$A$18,0),1),INDEX(SoTiet!$K$3:$R$18,MATCH($A10,SoTiet!$A$3:$A$18,0),1))),0) | C10: =SUMPRODUCT((TKB_Nhap!$A$2:$A$57=C$3)*(TKB_Nhap!$D$2:$J$57=$A10))-IFERROR(N(IF(TuanConfig!$B$2="C",INDEX(SoTiet!$B$3:$I$18,MATCH($A10,SoTiet!$A$3:$A$18,0),2),INDEX(SoTiet!$K$3:$R$18,MATCH($A10,SoTiet!$A$3:$A$18,0),2))),0) | D10: =SUMPRODUCT((TKB_Nhap!$A$2:$A$57=D$3)*(TKB_Nhap!$D$2:$J$57=$A10))-IFERROR(N(IF(TuanConfig!$B$2="C",INDEX(SoTiet!$B$3:$I$18,MATCH($A10,SoTiet!$A$3:$A$18,0),3),INDEX(SoTiet!$K$3:$R$18,MATCH($A10,SoTiet!$A$3:$A$18,0),3))),0) | E10: =SUMPRODUCT((TKB_Nhap!$A$2:$A$57=E$3)*(TKB_Nhap!$D$2:$J$57=$A10))-IFERROR(N(IF(TuanConfig!$B$2="C",INDEX(SoTiet!$B$3:$I$18,MATCH($A10,SoTiet!$A$3:$A$18,0),4),INDEX(SoTiet!$K$3:$R$18,MATCH($A10,SoTiet!$A$3:$A$18,0),4))),0) | F10: =SUMPRODUCT((TKB_Nhap!$A$2:$A$57=F$3)*(TKB_Nhap!$D$2:$J$57=$A10))-IFERROR(N(IF(TuanConfig!$B$2="C",INDEX(SoTiet!$B$3:$I$18,MATCH($A10,SoTiet!$A$3:$A$18,0),5),INDEX(SoTiet!$K$3:$R$18,MATCH($A10,SoTiet!$A$3:$A$18,0),5))),0) | G10: =SUMPRODUCT((TKB_Nhap!$A$2:$A$57=G$3)*(TKB_Nhap!$D$2:$J$57=$A10))-IFERROR(N(IF(TuanConfig!$B$2="C",INDEX(SoTiet!$B$3:$I$18,MATCH($A10,SoTiet!$A$3:$A$18,0),6),INDEX(SoTiet!$K$3:$R$18,MATCH($A10,SoTiet!$A$3:$A$18,0),6))),0) | H10: =SUMPRODUCT((TKB_Nhap!$A$2:$A$57=H$3)*(TKB_Nhap!$D$2:$J$57=$A10))-IFERROR(N(IF(TuanConfig!$B$2="C",INDEX(SoTiet!$B$3:$I$18,MATCH($A10,SoTiet!$A$3:$A$18,0),7),INDEX(SoTiet!$K$3:$R$18,MATCH($A10,SoTiet!$A$3:$A$18,0),7))),0) | I10: =SUMPRODUCT((TKB_Nhap!$A$2:$A$57=I$3)*(TKB_Nhap!$D$2:$J$57=$A10))-IFERROR(N(IF(TuanConfig!$B$2="C",INDEX(SoTiet!$B$3:$I$18,MATCH($A10,SoTiet!$A$3:$A$18,0),8),INDEX(SoTiet!$K$3:$R$18,MATCH($A10,SoTiet!$A$3:$A$18,0),8))),0)
A11: Lịch sử và địa lý (Địa lý) | B11: =SUMPRODUCT((TKB_Nhap!$A$2:$A$57=B$3)*(TKB_Nhap!$D$2:$J$57=$A11))-IFERROR(N(IF(TuanConfig!$B$2="C",INDEX(SoTiet!$B$3:$I$18,MATCH($A11,SoTiet!$A$3:$A$18,0),1),INDEX(SoTiet!$K$3:$R$18,MATCH($A11,SoTiet!$A$3:$A$18,0),1))),0) | C11: =SUMPRODUCT((TKB_Nhap!$A$2:$A$57=C$3)*(TKB_Nhap!$D$2:$J$57=$A11))-IFERROR(N(IF(TuanConfig!$B$2="C",INDEX(SoTiet!$B$3:$I$18,MATCH($A11,SoTiet!$A$3:$A$18,0),2),INDEX(SoTiet!$K$3:$R$18,MATCH($A11,SoTiet!$A$3:$A$18,0),2))),0) | D11: =SUMPRODUCT((TKB_Nhap!$A$2:$A$57=D$3)*(TKB_Nhap!$D$2:$J$57=$A11))-IFERROR(N(IF(TuanConfig!$B$2="C",INDEX(SoTiet!$B$3:$I$18,MATCH($A11,SoTiet!$A$3:$A$18,0),3),INDEX(SoTiet!$K$3:$R$18,MATCH($A11,SoTiet!$A$3:$A$18,0),3))),0) | E11: =SUMPRODUCT((TKB_Nhap!$A$2:$A$57=E$3)*(TKB_Nhap!$D$2:$J$57=$A11))-IFERROR(N(IF(TuanConfig!$B$2="C",INDEX(SoTiet!$B$3:$I$18,MATCH($A11,SoTiet!$A$3:$A$18,0),4),INDEX(SoTiet!$K$3:$R$18,MATCH($A11,SoTiet!$A$3:$A$18,0),4))),0) | F11: =SUMPRODUCT((TKB_Nhap!$A$2:$A$57=F$3)*(TKB_Nhap!$D$2:$J$57=$A11))-IFERROR(N(IF(TuanConfig!$B$2="C",INDEX(SoTiet!$B$3:$I$18,MATCH($A11,SoTiet!$A$3:$A$18,0),5),INDEX(SoTiet!$K$3:$R$18,MATCH($A11,SoTiet!$A$3:$A$18,0),5))),0) | G11: =SUMPRODUCT((TKB_Nhap!$A$2:$A$57=G$3)*(TKB_Nhap!$D$2:$J$57=$A11))-IFERROR(N(IF(TuanConfig!$B$2="C",INDEX(SoTiet!$B$3:$I$18,MATCH($A11,SoTiet!$A$3:$A$18,0),6),INDEX(SoTiet!$K$3:$R$18,MATCH($A11,SoTiet!$A$3:$A$18,0),6))),0) | H11: =SUMPRODUCT((TKB_Nhap!$A$2:$A$57=H$3)*(TKB_Nhap!$D$2:$J$57=$A11))-IFERROR(N(IF(TuanConfig!$B$2="C",INDEX(SoTiet!$B$3:$I$18,MATCH($A11,SoTiet!$A$3:$A$18,0),7),INDEX(SoTiet!$K$3:$R$18,MATCH($A11,SoTiet!$A$3:$A$18,0),7))),0) | I11: =SUMPRODUCT((TKB_Nhap!$A$2:$A$57=I$3)*(TKB_Nhap!$D$2:$J$57=$A11))-IFERROR(N(IF(TuanConfig!$B$2="C",INDEX(SoTiet!$B$3:$I$18,MATCH($A11,SoTiet!$A$3:$A$18,0),8),INDEX(SoTiet!$K$3:$R$18,MATCH($A11,SoTiet!$A$3:$A$18,0),8))),0)
A12: Giáo dục công dân | B12: =SUMPRODUCT((TKB_Nhap!$A$2:$A$57=B$3)*(TKB_Nhap!$D$2:$J$57=$A12))-IFERROR(N(IF(TuanConfig!$B$2="C",INDEX(SoTiet!$B$3:$I$18,MATCH($A12,SoTiet!$A$3:$A$18,0),1),INDEX(SoTiet!$K$3:$R$18,MATCH($A12,SoTiet!$A$3:$A$18,0),1))),0) | C12: =SUMPRODUCT((TKB_Nhap!$A$2:$A$57=C$3)*(TKB_Nhap!$D$2:$J$57=$A12))-IFERROR(N(IF(TuanConfig!$B$2="C",INDEX(SoTiet!$B$3:$I$18,MATCH($A12,SoTiet!$A$3:$A$18,0),2),INDEX(SoTiet!$K$3:$R$18,MATCH($A12,SoTiet!$A$3:$A$18,0),2))),0) | D12: =SUMPRODUCT((TKB_Nhap!$A$2:$A$57=D$3)*(TKB_Nhap!$D$2:$J$57=$A12))-IFERROR(N(IF(TuanConfig!$B$2="C",INDEX(SoTiet!$B$3:$I$18,MATCH($A12,SoTiet!$A$3:$A$18,0),3),INDEX(SoTiet!$K$3:$R$18,MATCH($A12,SoTiet!$A$3:$A$18,0),3))),0) | E12: =SUMPRODUCT((TKB_Nhap!$A$2:$A$57=E$3)*(TKB_Nhap!$D$2:$J$57=$A12))-IFERROR(N(IF(TuanConfig!$B$2="C",INDEX(SoTiet!$B$3:$I$18,MATCH($A12,SoTiet!$A$3:$A$18,0),4),INDEX(SoTiet!$K$3:$R$18,MATCH($A12,SoTiet!$A$3:$A$18,0),4))),0) | F12: =SUMPRODUCT((TKB_Nhap!$A$2:$A$57=F$3)*(TKB_Nhap!$D$2:$J$57=$A12))-IFERROR(N(IF(TuanConfig!$B$2="C",INDEX(SoTiet!$B$3:$I$18,MATCH($A12,SoTiet!$A$3:$A$18,0),5),INDEX(SoTiet!$K$3:$R$18,MATCH($A12,SoTiet!$A$3:$A$18,0),5))),0) | G12: =SUMPRODUCT((TKB_Nhap!$A$2:$A$57=G$3)*(TKB_Nhap!$D$2:$J$57=$A12))-IFERROR(N(IF(TuanConfig!$B$2="C",INDEX(SoTiet!$B$3:$I$18,MATCH($A12,SoTiet!$A$3:$A$18,0),6),INDEX(SoTiet!$K$3:$R$18,MATCH($A12,SoTiet!$A$3:$A$18,0),6))),0) | H12: =SUMPRODUCT((TKB_Nhap!$A$2:$A$57=H$3)*(TKB_Nhap!$D$2:$J$57=$A12))-IFERROR(N(IF(TuanConfig!$B$2="C",INDEX(SoTiet!$B$3:$I$18,MATCH($A12,SoTiet!$A$3:$A$18,0),7),INDEX(SoTiet!$K$3:$R$18,MATCH($A12,SoTiet!$A$3:$A$18,0),7))),0) | I12: =SUMPRODUCT((TKB_Nhap!$A$2:$A$57=I$3)*(TKB_Nhap!$D$2:$J$57=$A12))-IFERROR(N(IF(TuanConfig!$B$2="C",INDEX(SoTiet!$B$3:$I$18,MATCH($A12,SoTiet!$A$3:$A$18,0),8),INDEX(SoTiet!$K$3:$R$18,MATCH($A12,SoTiet!$A$3:$A$18,0),8))),0)
A13: Công nghệ | B13: =SUMPRODUCT((TKB_Nhap!$A$2:$A$57=B$3)*(TKB_Nhap!$D$2:$J$57=$A13))-IFERROR(N(IF(TuanConfig!$B$2="C",INDEX(SoTiet!$B$3:$I$18,MATCH($A13,SoTiet!$A$3:$A$18,0),1),INDEX(SoTiet!$K$3:$R$18,MATCH($A13,SoTiet!$A$3:$A$18,0),1))),0) | C13: =SUMPRODUCT((TKB_Nhap!$A$2:$A$57=C$3)*(TKB_Nhap!$D$2:$J$57=$A13))-IFERROR(N(IF(TuanConfig!$B$2="C",INDEX(SoTiet!$B$3:$I$18,MATCH($A13,SoTiet!$A$3:$A$18,0),2),INDEX(SoTiet!$K$3:$R$18,MATCH($A13,SoTiet!$A$3:$A$18,0),2))),0) | D13: =SUMPRODUCT((TKB_Nhap!$A$2:$A$57=D$3)*(TKB_Nhap!$D$2:$J$57=$A13))-IFERROR(N(IF(TuanConfig!$B$2="C",INDEX(SoTiet!$B$3:$I$18,MATCH($A13,SoTiet!$A$3:$A$18,0),3),INDEX(SoTiet!$K$3:$R$18,MATCH($A13,SoTiet!$A$3:$A$18,0),3))),0) | E13: =SUMPRODUCT((TKB_Nhap!$A$2:$A$57=E$3)*(TKB_Nhap!$D$2:$J$57=$A13))-IFERROR(N(IF(TuanConfig!$B$2="C",INDEX(SoTiet!$B$3:$I$18,MATCH($A13,SoTiet!$A$3:$A$18,0),4),INDEX(SoTiet!$K$3:$R$18,MATCH($A13,SoTiet!$A$3:$A$18,0),4))),0) | F13: =SUMPRODUCT((TKB_Nhap!$A$2:$A$57=F$3)*(TKB_Nhap!$D$2:$J$57=$A13))-IFERROR(N(IF(TuanConfig!$B$2="C",INDEX(SoTiet!$B$3:$I$18,MATCH($A13,SoTiet!$A$3:$A$18,0),5),INDEX(SoTiet!$K$3:$R$18,MATCH($A13,SoTiet!$A$3:$A$18,0),5))),0) | G13: =SUMPRODUCT((TKB_Nhap!$A$2:$A$57=G$3)*(TKB_Nhap!$D$2:$J$57=$A13))-IFERROR(N(IF(TuanConfig!$B$2="C",INDEX(SoTiet!$B$3:$I$18,MATCH($A13,SoTiet!$A$3:$A$18,0),6),INDEX(SoTiet!$K$3:$R$18,MATCH($A13,SoTiet!$A$3:$A$18,0),6))),0) | H13: =SUMPRODUCT((TKB_Nhap!$A$2:$A$57=H$3)*(TKB_Nhap!$D$2:$J$57=$A13))-IFERROR(N(IF(TuanConfig!$B$2="C",INDEX(SoTiet!$B$3:$I$18,MATCH($A13,SoTiet!$A$3:$A$18,0),7),INDEX(SoTiet!$K$3:$R$18,MATCH($A13,SoTiet!$A$3:$A$18,0),7))),0) | I13: =SUMPRODUCT((TKB_Nhap!$A$2:$A$57=I$3)*(TKB_Nhap!$D$2:$J$57=$A13))-IFERROR(N(IF(TuanConfig!$B$2="C",INDEX(SoTiet!$B$3:$I$18,MATCH($A13,SoTiet!$A$3:$A$18,0),8),INDEX(SoTiet!$K$3:$R$18,MATCH($A13,SoTiet!$A$3:$A$18,0),8))),0)
A14: Tin | B14: =SUMPRODUCT((TKB_Nhap!$A$2:$A$57=B$3)*(TKB_Nhap!$D$2:$J$57=$A14))-IFERROR(N(IF(TuanConfig!$B$2="C",INDEX(SoTiet!$B$3:$I$18,MATCH($A14,SoTiet!$A$3:$A$18,0),1),INDEX(SoTiet!$K$3:$R$18,MATCH($A14,SoTiet!$A$3:$A$18,0),1))),0) | C14: =SUMPRODUCT((TKB_Nhap!$A$2:$A$57=C$3)*(TKB_Nhap!$D$2:$J$57=$A14))-IFERROR(N(IF(TuanConfig!$B$2="C",INDEX(SoTiet!$B$3:$I$18,MATCH($A14,SoTiet!$A$3:$A$18,0),2),INDEX(SoTiet!$K$3:$R$18,MATCH($A14,SoTiet!$A$3:$A$18,0),2))),0) | D14: =SUMPRODUCT((TKB_Nhap!$A$2:$A$57=D$3)*(TKB_Nhap!$D$2:$J$57=$A14))-IFERROR(N(IF(TuanConfig!$B$2="C",INDEX(SoTiet!$B$3:$I$18,MATCH($A14,SoTiet!$A$3:$A$18,0),3),INDEX(SoTiet!$K$3:$R$18,MATCH($A14,SoTiet!$A$3:$A$18,0),3))),0) | E14: =SUMPRODUCT((TKB_Nhap!$A$2:$A$57=E$3)*(TKB_Nhap!$D$2:$J$57=$A14))-IFERROR(N(IF(TuanConfig!$B$2="C",INDEX(SoTiet!$B$3:$I$18,MATCH($A14,SoTiet!$A$3:$A$18,0),4),INDEX(SoTiet!$K$3:$R$18,MATCH($A14,SoTiet!$A$3:$A$18,0),4))),0) | F14: =SUMPRODUCT((TKB_Nhap!$A$2:$A$57=F$3)*(TKB_Nhap!$D$2:$J$57=$A14))-IFERROR(N(IF(TuanConfig!$B$2="C",INDEX(SoTiet!$B$3:$I$18,MATCH($A14,SoTiet!$A$3:$A$18,0),5),INDEX(SoTiet!$K$3:$R$18,MATCH($A14,SoTiet!$A$3:$A$18,0),5))),0) | G14: =SUMPRODUCT((TKB_Nhap!$A$2:$A$57=G$3)*(TKB_Nhap!$D$2:$J$57=$A14))-IFERROR(N(IF(TuanConfig!$B$2="C",INDEX(SoTiet!$B$3:$I$18,MATCH($A14,SoTiet!$A$3:$A$18,0),6),INDEX(SoTiet!$K$3:$R$18,MATCH($A14,SoTiet!$A$3:$A$18,0),6))),0) | H14: =SUMPRODUCT((TKB_Nhap!$A$2:$A$57=H$3)*(TKB_Nhap!$D$2:$J$57=$A14))-IFERROR(N(IF(TuanConfig!$B$2="C",INDEX(SoTiet!$B$3:$I$18,MATCH($A14,SoTiet!$A$3:$A$18,0),7),INDEX(SoTiet!$K$3:$R$18,MATCH($A14,SoTiet!$A$3:$A$18,0),7))),0) | I14: =SUMPRODUCT((TKB_Nhap!$A$2:$A$57=I$3)*(TKB_Nhap!$D$2:$J$57=$A14))-IFERROR(N(IF(TuanConfig!$B$2="C",INDEX(SoTiet!$B$3:$I$18,MATCH($A14,SoTiet!$A$3:$A$18,0),8),INDEX(SoTiet!$K$3:$R$18,MATCH($A14,SoTiet!$A$3:$A$18,0),8))),0)
A15: Giáo dục thể chất | B15: =SUMPRODUCT((TKB_Nhap!$A$2:$A$57=B$3)*(TKB_Nhap!$D$2:$J$57=$A15))-IFERROR(N(IF(TuanConfig!$B$2="C",INDEX(SoTiet!$B$3:$I$18,MATCH($A15,SoTiet!$A$3:$A$18,0),1),INDEX(SoTiet!$K$3:$R$18,MATCH($A15,SoTiet!$A$3:$A$18,0),1))),0) | C15: =SUMPRODUCT((TKB_Nhap!$A$2:$A$57=C$3)*(TKB_Nhap!$D$2:$J$57=$A15))-IFERROR(N(IF(TuanConfig!$B$2="C",INDEX(SoTiet!$B$3:$I$18,MATCH($A15,SoTiet!$A$3:$A$18,0),2),INDEX(SoTiet!$K$3:$R$18,MATCH($A15,SoTiet!$A$3:$A$18,0),2))),0) | D15: =SUMPRODUCT((TKB_Nhap!$A$2:$A$57=D$3)*(TKB_Nhap!$D$2:$J$57=$A15))-IFERROR(N(IF(TuanConfig!$B$2="C",INDEX(SoTiet!$B$3:$I$18,MATCH($A15,SoTiet!$A$3:$A$18,0),3),INDEX(SoTiet!$K$3:$R$18,MATCH($A15,SoTiet!$A$3:$A$18,0),3))),0) | E15: =SUMPRODUCT((TKB_Nhap!$A$2:$A$57=E$3)*(TKB_Nhap!$D$2:$J$57=$A15))-IFERROR(N(IF(TuanConfig!$B$2="C",INDEX(SoTiet!$B$3:$I$18,MATCH($A15,SoTiet!$A$3:$A$18,0),4),INDEX(SoTiet!$K$3:$R$18,MATCH($A15,SoTiet!$A$3:$A$18,0),4))),0) | F15: =SUMPRODUCT((TKB_Nhap!$A$2:$A$57=F$3)*(TKB_Nhap!$D$2:$J$57=$A15))-IFERROR(N(IF(TuanConfig!$B$2="C",INDEX(SoTiet!$B$3:$I$18,MATCH($A15,SoTiet!$A$3:$A$18,0),5),INDEX(SoTiet!$K$3:$R$18,MATCH($A15,SoTiet!$A$3:$A$18,0),5))),0) | G15: =SUMPRODUCT((TKB_Nhap!$A$2:$A$57=G$3)*(TKB_Nhap!$D$2:$J$57=$A15))-IFERROR(N(IF(TuanConfig!$B$2="C",INDEX(SoTiet!$B$3:$I$18,MATCH($A15,SoTiet!$A$3:$A$18,0),6),INDEX(SoTiet!$K$3:$R$18,MATCH($A15,SoTiet!$A$3:$A$18,0),6))),0) | H15: =SUMPRODUCT((TKB_Nhap!$A$2:$A$57=H$3)*(TKB_Nhap!$D$2:$J$57=$A15))-IFERROR(N(IF(TuanConfig!$B$2="C",INDEX(SoTiet!$B$3:$I$18,MATCH($A15,SoTiet!$A$3:$A$18,0),7),INDEX(SoTiet!$K$3:$R$18,MATCH($A15,SoTiet!$A$3:$A$18,0),7))),0) | I15: =SUMPRODUCT((TKB_Nhap!$A$2:$A$57=I$3)*(TKB_Nhap!$D$2:$J$57=$A15))-IFERROR(N(IF(TuanConfig!$B$2="C",INDEX(SoTiet!$B$3:$I$18,MATCH($A15,SoTiet!$A$3:$A$18,0),8),INDEX(SoTiet!$K$3:$R$18,MATCH($A15,SoTiet!$A$3:$A$18,0),8))),0)
... A19: Nghệ thuật (Mỹ thuật) | B19: =SUMPRODUCT((TKB_Nhap!$A$2:$A$57=B$3)*(TKB_Nhap!$D$2:$J$57=$A19))-IFERROR(N(IF(TuanConfig!$B$2="C",INDEX(SoTiet!$B$3:$I$18,MATCH($A19,SoTiet!$A$3:$A$18,0),1),INDEX(SoTiet!$K$3:$R$18,MATCH($A19,SoTiet!$A$3:$A$18,0),1))),0) | C19: =SUMPRODUCT((TKB_Nhap!$A$2:$A$57=C$3)*(TKB_Nhap!$D$2:$J$57=$A19))-IFERROR(N(IF(TuanConfig!$B$2="C",INDEX(SoTiet!$B$3:$I$18,MATCH($A19,SoTiet!$A$3:$A$18,0),2),INDEX(SoTiet!$K$3:$R$18,MATCH($A19,SoTiet!$A$3:$A$18,0),2))),0) | D19: =SUMPRODUCT((TKB_Nhap!$A$2:$A$57=D$3)*(TKB_Nhap!$D$2:$J$57=$A19))-IFERROR(N(IF(TuanConfig!$B$2="C",INDEX(SoTiet!$B$3:$I$18,MATCH($A19,SoTiet!$A$3:$A$18,0),3),INDEX(SoTiet!$K$3:$R$18,MATCH($A19,SoTiet!$A$3:$A$18,0),3))),0) | E19: =SUMPRODUCT((TKB_Nhap!$A$2:$A$57=E$3)*(TKB_Nhap!$D$2:$J$57=$A19))-IFERROR(N(IF(TuanConfig!$B$2="C",INDEX(SoTiet!$B$3:$I$18,MATCH($A19,SoTiet!$A$3:$A$18,0),4),INDEX(SoTiet!$K$3:$R$18,MATCH($A19,SoTiet!$A$3:$A$18,0),4))),0) | F19: =SUMPRODUCT((TKB_Nhap!$A$2:$A$57=F$3)*(TKB_Nhap!$D$2:$J$57=$A19))-IFERROR(N(IF(TuanConfig!$B$2="C",INDEX(SoTiet!$B$3:$I$18,MATCH($A19,SoTiet!$A$3:$A$18,0),5),INDEX(SoTiet!$K$3:$R$18,MATCH($A19,SoTiet!$A$3:$A$18,0),5))),0) | G19: =SUMPRODUCT((TKB_Nhap!$A$2:$A$57=G$3)*(TKB_Nhap!$D$2:$J$57=$A19))-IFERROR(N(IF(TuanConfig!$B$2="C",INDEX(SoTiet!$B$3:$I$18,MATCH($A19,SoTiet!$A$3:$A$18,0),6),INDEX(SoTiet!$K$3:$R$18,MATCH($A19,SoTiet!$A$3:$A$18,0),6))),0) | H19: =SUMPRODUCT((TKB_Nhap!$A$2:$A$57=H$3)*(TKB_Nhap!$D$2:$J$57=$A19))-IFERROR(N(IF(TuanConfig!$B$2="C",INDEX(SoTiet!$B$3:$I$18,MATCH($A19,SoTiet!$A$3:$A$18,0),7),INDEX(SoTiet!$K$3:$R$18,MATCH($A19,SoTiet!$A$3:$A$18,0),7))),0) | I19: =SUMPRODUCT((TKB_Nhap!$A$2:$A$57=I$3)*(TKB_Nhap!$D$2:$J$57=$A19))-IFERROR(N(IF(TuanConfig!$B$2="C",INDEX(SoTiet!$B$3:$I$18,MATCH($A19,SoTiet!$A$3:$A$18,0),8),INDEX(SoTiet!$K$3:$R$18,MATCH($A19,SoTiet!$A$3:$A$18,0),8))),0)
A20: TỔNG | B20: =SUM(B4:B19) | C20: =SUM(C4:C19) | D20: =SUM(D4:D19) | E20: =SUM(E4:E19) | F20: =SUM(F4:F19) | G20: =SUM(G4:G19) | H20: =SUM(H4:H19) | I20: =SUM(I4:I19)

Sheet Khung
D1: Thứ 2 | E1: Thứ 3 | F1: Thứ 4 | G1: Thứ 5 | H1: Thứ 6 | I1: Thứ 7 | J1: Chủ Nhật
A2: 6A7 | B2: S | C2: 1 | D2: x | E2: x | F2: x | G2: x | H2: x
A3: 6A7 | B3: S | C3: 2 | D3: x | E3: x | F3: x | G3: x | H3: x
A4: 6A7 | B4: S | C4: 3 | D4: x | E4: x | F4: x | G4: x | H4: x
A5: 6A7 | B5: S | C5: 4 | D5: x | E5: x | F5: x | G5: x | H5: x
A6: 6A7 | B6: S | C6: 5 | D6: x | E6: x | F6: x | G6: x | H6: x
A7: 6A7 | B7: C | C7: 1 | D7: x | E7: x | F7: x | G7: x | H7: x
A8: 6A7 | B8: C | C8: 2 | D8: x | E8: x | F8: x | G8: x | H8: x
A9: 6A7 | B9: C | C9: 3 | D9: x | E9: x | F9: x | G9: x | H9: x
A10: 6A8 | B10: S | C10: 1 | D10: x | E10: x | F10: x | G10: x | H10: x
A11: 6A8 | B11: S | C11: 2 | D11: x | E11: x | F11: x | G11: x | H11: x
A12: 6A8 | B12: S | C12: 3 | D12: x | E12: x | F12: x | G12: x | H12: x
A13: 6A8 | B13: S | C13: 4 | D13: x | E13: x | F13: x | G13: x | H13: x
... A161: 9A12 | B161: C | C161: 3 | D161: x | E161: x | F161: x | G161: x | H161: x

Sheet TuanConfig
A1: SEED HIEN TAI -> | B1: 0
A2: TUAN HIEN TAI (C=chan/L=le) -> | B2: C
A3: Tuan | B3: Seed | C3: Ngay tao
A4: 1 | B4: 2026 | C4: 27/08/2026 22:00 [C]
A5: 2 | B5: 2026 | C5: 27/08/2026 22:00 [L]

Sheet Du_Lieu_Phan_Cong
A1: BẢNG DỮ LIỆU PHÂN CÔNG CHUYÊN MÔN CHUẨN HÓA (DẠNG BẢNG PHẲNG / 1 DÒNG 1 PHÂN CÔNG)
A2: TRƯỜNG THCS ĐỖ CẬN - PHÂN HIỆU | NĂM HỌC 2026 - 2027 (Áp dụng từ 07/09/2026)
A4: STT GV | B4: Họ và tên giáo viên | C4: Chuyên môn | D4: Chức vụ / Kiêm nhiệm | E4: Chủ nhiệm lớp | F4: Môn giảng dạy | G4: Lớp giảng dạy | H4: Khối | I4: Số tiết / tuần | J4: Ghi chú phân công
A5: 1 | B5: Đỗ Thị Sa | C5: Tiếng Anh | D5: Hiệu trưởng | F5: Tiếng Anh | G5: 6A7 | H5: 6 | I5: 1 | J5: Dạy chung lớp 6A7
A6: 1 | B6: Đỗ Thị Sa | C6: Tiếng Anh | D6: Hiệu trưởng | F6: Tiếng Anh | G6: 6A8 | H6: 6 | I6: 1 | J6: Dạy chung lớp 6A8
A7: 2 | B7: Đoàn Tiến Quân | C7: Sinh-Kỹ | D7: Phó hiệu trưởng | F7: Khoa học tự nhiên (Sinh học) | G7: 7A7 | H7: 7 | I7: 2 | J7: Dạy PHT
A8: 3 | B8: Phan Thị Thùy Linh | C8: Văn-Sử | D8: Tổ trưởng | E8: 8A7 | F8: Ngữ văn | G8: 8A7 | H8: 8 | I8: 4
A9: 3 | B9: Phan Thị Thùy Linh | C9: Văn-Sử | D9: Tổ trưởng | E9: 8A7 | F9: Ngữ văn | G9: 9A9 | H9: 9 | I9: 4
A10: 3 | B10: Phan Thị Thùy Linh | C10: Văn-Sử | D10: Tổ trưởng | E10: 8A7 | F10: Nội dung giáo dục của địa phương | G10: 6A7 | H10: 6 | I10: 2
A11: 3 | B11: Phan Thị Thùy Linh | C11: Văn-Sử | D11: Tổ trưởng | E11: 8A7 | F11: BDHSG Văn | G11: Khối 8/9 | I11: 2 | J11: BDHSG (ngoài TKB chính)
A12: 4 | B12: Nguyễn Thị Thu Hương | C12: Văn-Sử | D12: GVCN | E12: 8A9 | F12: Ngữ văn | G12: 8A9 | H12: 8 | I12: 4
A13: 4 | B13: Nguyễn Thị Thu Hương | C13: Văn-Sử | D13: GVCN | E13: 8A9 | F13: Ngữ văn | G13: 9A11 | H13: 9 | I13: 4
A14: 4 | B14: Nguyễn Thị Thu Hương | C14: Văn-Sử | D14: GVCN | E14: 8A9 | F14: Lịch sử và Địa Lý (Lịch sử) | G14: 7A9 | H14: 7 | I14: 2
A15: 4 | B15: Nguyễn Thị Thu Hương | C15: Văn-Sử | D15: GVCN | E15: 8A9 | F15: Lịch sử và Địa Lý (Lịch sử) | G15: 7A10 | H15: 7 | I15: 2
A16: 4 | B16: Nguyễn Thị Thu Hương | C16: Văn-Sử | D16: GVCN | E16: 8A9 | F16: Lịch sử và Địa Lý (Lịch sử) | G16: 6A7 | H16: 6 | I16: 1
A17: 4 | B17: Nguyễn Thị Thu Hương | C17: Văn-Sử | D17: GVCN | E17: 8A9 | F17: Lịch sử và Địa Lý (Lịch sử) | G17: 6A8 | H17: 6 | I17: 1
A18: 4 | B18: Nguyễn Thị Thu Hương | C18: Văn-Sử | D18: GVCN | E18: 8A9 | F18: Lịch sử và Địa Lý (Lịch sử) | G18: 6A9 | H18: 6 | I18: 1
A19: 4 | B19: Nguyễn Thị Thu Hương | C19: Văn-Sử | D19: GVCN | E19: 8A9 | F19: Lịch sử và Địa Lý (Lịch sử) | G19: 6A10 | H19: 6 | I19: 1
A20: 4 | B20: Nguyễn Thị Thu Hương | C20: Văn-Sử | D20: GVCN | E20: 8A9 | F20: Lịch sử và Địa Lý (Lịch sử) | G20: 6A11 | H20: 6 | I20: 1
A21: 5 | B21: Đồng Thị Hiền | C21: Văn-Sử | D21: GVCN | E21: 7A8 | F21: Ngữ văn | G21: 7A8 | H21: 7 | I21: 4
A22: 5 | B22: Đồng Thị Hiền | C22: Văn-Sử | D22: GVCN | E22: 7A8 | F22: Ngữ văn | G22: 9A8 | H22: 9 | I22: 4
A23: 5 | B23: Đồng Thị Hiền | C23: Văn-Sử | D23: GVCN | E23: 7A8 | F23: Lịch sử và Địa Lý (Lịch sử) | G23: 9A8 | H23: 9 | I23: 2
... A26: 5 | B26: Đồng Thị Hiền | C26: Văn-Sử | D26: GVCN | E26: 7A8 | F26: Nội dung giáo dục của địa phương | G26: 9A12 | H26: 9 | I26: 1
A27: 5 | B27: Đồng Thị Hiền | C27: Văn-Sử | D27: GVCN | E27: 7A8 | F27: BDHSG Sử | G27: Khối 9 | I27: 2 | J27: BDHSG (ngoài TKB chính)
A28: 6 | B28: Hoàng Thị Phương Duyên | C28: Văn-Sử | D28: GVCN | E28: 6A8 | F28: Ngữ văn | G28: 6A8 | H28: 6 | I28: 4
A29: 6 | B29: Hoàng Thị Phương Duyên | C29: Văn-Sử | D29: GVCN | E29: 6A8 | F29: Ngữ văn | G29: 6A9 | H29: 6 | I29: 4
A30: 6 | B30: Hoàng Thị Phương Duyên | C30: Văn-Sử | D30: GVCN | E30: 6A8 | F30: Ngữ văn | G30: 8A10 | H30: 8 | I30: 4
A31: 6 | B31: Hoàng Thị Phương Duyên | C31: Văn-Sử | D31: GVCN | E31: 6A8 | F31: GDCD | G31: 9A8 | H31: 9 | I31: 1
A32: 6 | B32: Hoàng Thị Phương Duyên | C32: Văn-Sử | D32: GVCN | E32: 6A8 | F32: GDCD | G32: 9A9 | H32: 9 | I32: 1
A33: 6 | B33: Hoàng Thị Phương Duyên | C33: Văn-Sử | D33: GVCN | E33: 6A8 | F33: GDCD | G33: 9A10 | H33: 9 | I33: 1
A34: 6 | B34: Hoàng Thị Phương Duyên | C34: Văn-Sử | D34: GVCN | E34: 6A8 | F34: GDCD | G34: 9A11 | H34: 9 | I34: 1
A35: 6 | B35: Hoàng Thị Phương Duyên | C35: Văn-Sử | D35: GVCN | E35: 6A8 | F35: GDCD | G35: 9A12 | H35: 9 | I35: 1
A36: 7 | B36: Ngô Thị Xuân Hương | C36: Văn | D36: GVCN | E36: 8A8 | F36: Ngữ văn | G36: 8A8 | H36: 8 | I36: 4
A37: 7 | B37: Ngô Thị Xuân Hương | C37: Văn | D37: GVCN | E37: 8A8 | F37: Ngữ văn | G37: 8A11 | H37: 8 | I37: 4
A38: 7 | B38: Ngô Thị Xuân Hương | C38: Văn | D38: GVCN | E38: 8A8 | F38: Ngữ văn | G38: 6A7 | H38: 6 | I38: 4
A39: 7 | B39: Ngô Thị Xuân Hương | C39: Văn | D39: GVCN | E39: 8A8 | F39: Nội dung giáo dục của địa phương | G39: 8A7 | H39: 8 | I39: 1
... A61: 9 | B61: Triệu Thị Luyến | C61: Văn | D61: GVCN | E61: 9A12 | F61: Nội dung giáo dục của địa phương | G61: 9A10 | H61: 9 | I61: 1
A62: 10 | B62: Hoàng Thị Kiều Loan | C62: Văn | D62: HĐ235 | F62: Ngữ văn | G62: 7A11 | H62: 7 | I62: 4
A63: 10 | B63: Hoàng Thị Kiều Loan | C63: Văn | D63: HĐ235 | F63: GDCD | G63: 6A7 | H63: 6 | I63: 1
A64: 10 | B64: Hoàng Thị Kiều Loan | C64: Văn | D64: HĐ235 | F64: GDCD | G64: 6A8 | H64: 6 | I64: 1
A65: 10 | B65: Hoàng Thị Kiều Loan | C65: Văn | D65: HĐ235 | F65: GDCD | G65: 6A9 | H65: 6 | I65: 1
A66: 10 | B66: Hoàng Thị Kiều Loan | C66: Văn | D66: HĐ235 | F66: GDCD | G66: 6A10 | H66: 6 | I66: 1
A67: 10 | B67: Hoàng Thị Kiều Loan | C67: Văn | D67: HĐ235 | F67: GDCD | G67: 6A11 | H67: 6 | I67: 1
A68: 10 | B68: Hoàng Thị Kiều Loan | C68: Văn | D68: HĐ235 | F68: Hoạt động trải nghiệm, hướng nghiệp | G68: 8A7 | H68: 8 | I68: 3
A69: 10 | B69: Hoàng Thị Kiều Loan | C69: Văn | D69: HĐ235 | F69: Hoạt động trải nghiệm, hướng nghiệp | G69: 8A8 | H69: 8 | I69: 3
A70: 10 | B70: Hoàng Thị Kiều Loan | C70: Văn | D70: HĐ235 | F70: Hoạt động trải nghiệm, hướng nghiệp | G70: 8A9 | H70: 8 | I70: 3
A71: 10 | B71: Hoàng Thị Kiều Loan | C71: Văn | D71: HĐ235 | F71: Công nghệ | G71: 7A7 | H71: 7 | I71: 1
A72: 11 | B72: Bàng Thị Phượng | C72: Văn | D72: HĐ235 | F72: Ngữ văn | G72: 6A11 | H72: 6 | I72: 4
A73: 11 | B73: Bàng Thị Phượng | C73: Văn | D73: HĐ235 | F73: GDCD | G73: 7A7 | H73: 7 | I73: 1
... A89: 12 | B89: Nông Thị Trà | C89: Văn | D89: HĐ235 | F89: Hoạt động trải nghiệm, hướng nghiệp | G89: 7A11 | H89: 7 | I89: 3
A90: 13 | B90: Bùi Thị Hòa | C90: Lịch Sử | D90: GVCN | E90: 9A9 | F90: Lịch sử và Địa Lý (Lịch sử) | G90: 9A9 | H90: 9 | I90: 2
A91: 13 | B91: Bùi Thị Hòa | C91: Lịch Sử | D91: GVCN | E91: 9A9 | F91: Lịch sử và Địa Lý (Lịch sử) | G91: 9A11 | H91: 9 | I91: 2
A92: 13 | B92: Bùi Thị Hòa | C92: Lịch Sử | D92: GVCN | E92: 9A9 | F92: Lịch sử và Địa Lý (Lịch sử) | G92: 9A12 | H92: 9 | I92: 2
A93: 13 | B93: Bùi Thị Hòa | C93: Lịch Sử | D93: GVCN | E93: 9A9 | F93: Lịch sử và Địa Lý (Lịch sử) | G93: 8A7 | H93: 8 | I93: 1
A94: 13 | B94: Bùi Thị Hòa | C94: Lịch Sử | D94: GVCN | E94: 9A9 | F94: Lịch sử và Địa Lý (Lịch sử) | G94: 8A8 | H94: 8 | I94: 1
A95: 13 | B95: Bùi Thị Hòa | C95: Lịch Sử | D95: GVCN | E95: 9A9 | F95: Lịch sử và Địa Lý (Lịch sử) | G95: 8A9 | H95: 8 | I95: 1
A96: 13 | B96: Bùi Thị Hòa | C96: Lịch Sử | D96: GVCN | E96: 9A9 | F96: Lịch sử và Địa Lý (Lịch sử) | G96: 8A10 | H96: 8 | I96: 1
A97: 13 | B97: Bùi Thị Hòa | C97: Lịch Sử | D97: GVCN | E97: 9A9 | F97: Lịch sử và Địa Lý (Lịch sử) | G97: 8A11 | H97: 8 | I97: 1
A98: 13 | B98: Bùi Thị Hòa | C98: Lịch Sử | D98: GVCN | E98: 9A9 | F98: Lịch sử và Địa Lý (Lịch sử) | G98: 7A7 | H98: 7 | I98: 2
A99: 13 | B99: Bùi Thị Hòa | C99: Lịch Sử | D99: GVCN | E99: 9A9 | F99: Lịch sử và Địa Lý (Lịch sử) | G99: 7A8 | H99: 7 | I99: 2
A100: 13 | B100: Bùi Thị Hòa | C100: Lịch Sử | D100: GVCN | E100: 9A9 | F100: Lịch sử và Địa Lý (Lịch sử) | G100: 7A11 | H100: 7 | I100: 2
A101: 14 | B101: Lại Thị Thanh Huyền | C101: Toán | D101: Tổ phó | E101: 6A7 | F101: Toán học | G101: 6A7 | H101: 6 | I101: 4
... A108: 15 | B108: Nguyễn Thị Hà | C108: Toán | D108: GVCN | E108: 7A7 | F108: Toán học | G108: 9A12 | H108: 9 | I108: 4
A109: 16 | B109: Mẫn Xuân Thắng | C109: Toán-Lí | F109: Toán học | G109: 8A9 | H109: 8 | I109: 4
A110: 16 | B110: Mẫn Xuân Thắng | C110: Toán-Lí | F110: Công nghệ | G110: 9A8 | H110: 9 | I110: 2
A111: 16 | B111: Mẫn Xuân Thắng | C111: Toán-Lí | F111: Công nghệ | G111: 9A9 | H111: 9 | I111: 2
A112: 16 | B112: Mẫn Xuân Thắng | C112: Toán-Lí | F112: Công nghệ | G112: 9A10 | H112: 9 | I112: 2
A113: 16 | B113: Mẫn Xuân Thắng | C113: Toán-Lí | F113: Công nghệ | G113: 9A11 | H113: 9 | I113: 2
A114: 16 | B114: Mẫn Xuân Thắng | C114: Toán-Lí | F114: Công nghệ | G114: 9A12 | H114: 9 | I114: 2
A115: 16 | B115: Mẫn Xuân Thắng | C115: Toán-Lí | F115: Công nghệ | G115: 8A7 | H115: 8 | I115: 1
A116: 16 | B116: Mẫn Xuân Thắng | C116: Toán-Lí | F116: Công nghệ | G116: 8A8 | H116: 8 | I116: 1
A117: 16 | B117: Mẫn Xuân Thắng | C117: Toán-Lí | F117: Công nghệ | G117: 8A9 | H117: 8 | I117: 1
A118: 16 | B118: Mẫn Xuân Thắng | C118: Toán-Lí | F118: Công nghệ | G118: 8A10 | H118: 8 | I118: 1
A119: 16 | B119: Mẫn Xuân Thắng | C119: Toán-Lí | F119: Công nghệ | G119: 8A11 | H119: 8 | I119: 1
A120: 17 | B120: Phùng Thị Lan | C120: Toán | D120: GVCN | E120: 9A10 | F120: Toán học | G120: 9A10 | H120: 9 | I120: 4
A121: 17 | B121: Phùng Thị Lan | C121: Toán | D121: GVCN | E121: 9A10 | F121: Toán học | G121: 7A9 | H121: 7 | I121: 4
A122: 17 | B122: Phùng Thị Lan | C122: Toán | D122: GVCN | E122: 9A10 | F122: Toán học | G122: 7A11 | H122: 7 | I122: 4
A123: 17 | B123: Phùng Thị Lan | C123: Toán | D123: GVCN | E123: 9A10 | F123: Hoạt động trải nghiệm, hướng nghiệp | G123: 9A10 | H123: 9 | I123: 3
A124: 18 | B124: Hoàng Thị Thanh Thắm | C124: GDTC | D124: GVCN | E124: 7A10 | F124: Toán học | G124: 7A10 | H124: 7 | I124: 4
A125: 18 | B125: Hoàng Thị Thanh Thắm | C125: GDTC | D125: GVCN | E125: 7A10 | F125: Toán học | G125: 8A7 | H125: 8 | I125: 4
A126: 18 | B126: Hoàng Thị Thanh Thắm | C126: GDTC | D126: GVCN | E126: 7A10 | F126: Toán học | G126: 8A8 | H126: 8 | I126: 4
A127: 18 | B127: Hoàng Thị Thanh Thắm | C127: GDTC | D127: GVCN | E127: 7A10 | F127: Hoạt động trải nghiệm, hướng nghiệp | G127: 7A10 | H127: 7 | I127: 3
A128: 19 | B128: Lê Thị Thu Hằng | C128: Toán | D128: HĐ235 / GVCN | E128: 6A11 | F128: Toán học | G128: 6A9 | H128: 6 | I128: 4
A129: 19 | B129: Lê Thị Thu Hằng | C129: Toán | D129: HĐ235 / GVCN | E129: 6A11 | F129: Toán học | G129: 6A10 | H129: 6 | I129: 4
A130: 19 | B130: Lê Thị Thu Hằng | C130: Toán | D130: HĐ235 / GVCN | E130: 6A11 | F130: Toán học | G130: 6A11 | H130: 6 | I130: 4
A131: 19 | B131: Lê Thị Thu Hằng | C131: Toán | D131: HĐ235 / GVCN | E131: 6A11 | F131: Toán học | G131: 9A11 | H131: 9 | I131: 4
A132: 20 | B132: Nguyễn Thị Hiền | C132: Toán-Tin | D132: HĐ235 | F132: Toán học | G132: 8A10 | H132: 8 | I132: 4
A133: 20 | B133: Nguyễn Thị Hiền | C133: Toán-Tin | D133: HĐ235 | F133: Toán học | G133: 8A11 | H133: 8 | I133: 4
A134: 20 | B134: Nguyễn Thị Hiền | C134: Toán-Tin | D134: HĐ235 | F134: Tin học | G134: 9A8 | H134: 9 | I134: 1
A135: 20 | B135: Nguyễn Thị Hiền | C135: Toán-Tin | D135: HĐ235 | F135: Tin học | G135: 9A9 | H135: 9 | I135: 1
A136: 20 | B136: Nguyễn Thị Hiền | C136: Toán-Tin | D136: HĐ235 | F136: Tin học | G136: 9A10 | H136: 9 | I136: 1
A137: 20 | B137: Nguyễn Thị Hiền | C137: Toán-Tin | D137: HĐ235 | F137: Tin học | G137: 9A11 | H137: 9 | I137: 1
A138: 20 | B138: Nguyễn Thị Hiền | C138: Toán-Tin | D138: HĐ235 | F138: Tin học | G138: 9A12 | H138: 9 | I138: 1
A139: 20 | B139: Nguyễn Thị Hiền | C139: Toán-Tin | D139: HĐ235 | F139: Hoạt động trải nghiệm, hướng nghiệp | G139: 7A7 | H139: 7 | I139: 3
A140: 20 | B140: Nguyễn Thị Hiền | C140: Toán-Tin | D140: HĐ235 | F140: Hoạt động trải nghiệm, hướng nghiệp | G140: 7A8 | H140: 7 | I140: 3
A141: 21 | B141: Lương Thị Thu Hiền | C141: Tin học | D141: HĐ235 | F141: Tin học | G141: 6A7 | H141: 6 | I141: 1
A142: 21 | B142: Lương Thị Thu Hiền | C142: Tin học | D142: HĐ235 | F142: Tin học | G142: 6A8 | H142: 6 | I142: 1
A143: 21 | B143: Lương Thị Thu Hiền | C143: Tin học | D143: HĐ235 | F143: Tin học | G143: 6A9 | H143: 6 | I143: 1
... A159: 21 | B159: Lương Thị Thu Hiền | C159: Tin học | D159: HĐ235 | F159: Công nghệ | G159: 7A11 | H159: 7 | I159: 1
A160: 22 | B160: Hà Thị Hải Yến | C160: Sinh-Kỹ | D160: Tổ phó | E160: 8A10 | F160: Khoa học tự nhiên (Sinh học) | G160: 9A8 | H160: 9 | I160: 1
...

Sheet Bang_Phan_Cong_Goc
A1: UBND PHƯỜNG PHỔ YÊN | H1: PHÂN CÔNG CHUYÊN MÔN HỌC KỲ I NĂM HỌC 2026-2027
A2: TRƯỜNG THCS ĐỖ CẬN - PHÂN HIỆU | H2: Thực hiện từ 7/9/2026
A4: STT | B4: Họ và tên giáo viên | C4: Chuyên môn | D4: CN Lớp | E4: CN S.t | F4: K.nhiệm khác | G4: K.nhiệm S.t | H4: Dạy môn 1 | I4: S.t 1 | J4: Dạy môn 2 | K4: S.t 2 | L4: Dạy môn 3 | M4: S.t 3 | N4: Dạy môn 4 | O4: S.t 4 | P4: Dạy môn 5 | Q4: S.t 5 | R4: BDHSG / CLB | S4: S.t BD | T4: Thực dạy | U4: Tổng | V4: Thừa (+)/Thiếu (-)
A5: 1 | B5: Đỗ Thị Sa | C5: Tiếng Anh | F5: Hiệu trưởng | G5: 17 | H5: Tiếng Anh 6A7,6A8 | I5: 2 | T5: 2 | U5: 2
A6: 2 | B6: Đoàn Tiến Quân | C6: Sinh-Kỹ | F6: Phó hiệu trưởng | G6: 15 | H6: Khoa học tự nhiên (Sinh học) 7A7 | I6: 2 | T6: 2 | U6: 2
A7: 3 | B7: Phan Thị Thùy Linh | C7: Văn-Sử | D7: 8A7 | E7: 4 | F7: Tổ trưởng | G7: 3 | H7: Ngữ văn 8A7,9A9 | I7: 8 | J7: Nội dung giáo dục của địa phương 6A7 | K7: 2 | R7: BDHSG Văn | S7: 2 | T7: 12 | U7: 19 | V7: 0
A8: 4 | B8: Nguyễn Thị Thu Hương | C8: Văn-Sử | D8: 8A9 | E8: 4 | H8: Ngữ văn 8A9,9A11 | I8: 8 | J8: Lịch sử và Địa Lý (Lịch sử) 7A9,7A10,6A7,6A8,6A9,6A10,6A11 | K8: 9 | T8: 17 | U8: 21 | V8: 2
A9: 5 | B9: Đồng Thị Hiền | C9: Văn-Sử | D9: 7A8 | E9: 4 | H9: Ngữ văn 7A8,9A8 | I9: 8 | J9: Lịch sử và Địa Lý (Lịch sử) 9A8,9A10 | K9: 4 | L9: Nội dung giáo dục của địa phương 9A11,9A12 | M9: 2 | R9: BDHSG Sử | S9: 2 | T9: 16 | U9: 20 | V9: 1
A10: 6 | B10: Hoàng Thị Phương Duyên | C10: Văn-Sử | D10: 6A8 | E10: 4 | H10: Ngữ văn 6A8,6A9,8A10 | I10: 12 | J10: GDCD 9A8,9A9,9A10,9A11,9A12 | K10: 5 | T10: 17 | U10: 21 | V10: 2
A11: 7 | B11: Ngô Thị Xuân Hương | C11: Văn | D11: 8A8 | E11: 4 | H11: Ngữ văn 8A8,8A11,6A7 | I11: 12 | J11: Nội dung giáo dục của địa phương 8A7,8A8,8A9,8A10,8A11 | K11: 5 | T11: 17 | U11: 21 | V11: 2
A12: 8 | B12: Bùi Thị Mỹ Hạnh | C12: Văn-Sử | D12: 7A9 | E12: 4 | H12: Ngữ văn 7A9,7A10,9A10 | I12: 12 | J12: GDCD 8A7,8A8,8A9,8A10,8A11 | K12: 5 | T12: 17 | U12: 21 | V12: 2
A13: 9 | B13: Triệu Thị Luyến | C13: Văn | D13: 9A12 | E13: 4 | H13: Ngữ văn 9A12,7A7 | I13: 8 | J13: Nội dung giáo dục của địa phương 7A7,7A8,7A9,7A10,7A11,9A8,9A9,9A10 | K13: 8 | T13: 16 | U13: 20 | V13: 1
A14: 10 | B14: Hoàng Thị Kiều Loan | C14: Văn | F14: HĐ235 | H14: Ngữ văn 7A11 | I14: 4 | J14: GDCD 6A7,6A8,6A9,6A10,6A11 | K14: 5 | L14: Hoạt động trải nghiệm, hướng nghiệp 8A7,8A8,8A9 | M14: 9 | N14: Công nghệ 7A7 | O14: 1 | T14: 19 | U14: 19 | V14: 0
A15: 11 | B15: Bàng Thị Phượng | C15: Văn | F15: HĐ235 | H15: Ngữ văn 6A11 | I15: 4 | J15: GDCD 7A7,7A8,7A9,7A10,7A11 | K15: 5 | L15: Hoạt động trải nghiệm, hướng nghiệp 6A10,6A11 | M15: 6 | N15: Nội dung giáo dục của địa phương 6A8,6A9,6A10,6A11 | O15: 4 | T15: 19 | U15: 19 | V15: 0
A16: 12 | B16: Nông Thị Trà | C16: Văn | F16: HĐ235 | H16: Ngữ văn 6A10 | I16: 4 | J16: Hoạt động trải nghiệm, hướng nghiệp 9A8,9A9,9A11,9A12,7A11 | K16: 15 | T16: 19 | U16: 19 | V16: 0
A17: 13 | B17: Bùi Thị Hòa | C17: Lịch Sử | D17: 9A9 | E17: 4 | H17: Lịch sử và Địa Lý (Lịch sử) 9A9,9A11,9A12,8A7,8A8,8A9,8A10,8A11,7A7,7A8,7A11 | I17: 17 | T17: 17 | U17: 21 | V17: 2
A18: 14 | B18: Lại Thị Thanh Huyền | C18: Toán | D18: 6A7 | E18: 4 | F18: Tổ phó | G18: 1 | H18: Toán học 6A7,6A8,9A9 | I18: 12 | J18: Hoạt động trải nghiệm, hướng nghiệp 6A7 | K18: 3 | T18: 15 | U18: 20 | V18: 1
A19: 15 | B19: Nguyễn Thị Hà | C19: Toán | D19: 7A7 | E19: 4 | H19: Toán học 7A7,7A8,9A8,9A12 | I19: 16 | T19: 16 | U19: 20 | V19: 1
A20: 16 | B20: Mẫn Xuân Thắng | C20: Toán-Lí | H20: Toán học 8A9 | I20: 4 | J20: Công nghệ 9A8,9A9,9A10,9A11,9A12,8A7,8A8,8A9,8A10,8A11 | K20: 15 | T20: 19 | U20: 19 | V20: 0
A21: 17 | B21: Phùng Thị Lan | C21: Toán | D21: 9A10 | E21: 4 | H21: Toán học 9A10,7A9,7A11 | I21: 12 | J21: Hoạt động trải nghiệm, hướng nghiệp 9A10 | K21: 3 | T21: 15 | U21: 19 | V21: 0
A22: 18 | B22: Hoàng Thị Thanh Thắm | C22: GDTC | D22: 7A10 | E22: 4 | H22: Toán học 7A10,8A7,8A8 | I22: 12 | J22: Hoạt động trải nghiệm, hướng nghiệp 7A10 | K22: 3 | T22: 15 | U22: 19 | V22: 0
A23: 19 | B23: Lê Thị Thu Hằng | C23: Toán | D23: 6A11 | E23: 4 | F23: HĐ235 / GVCN | G23: 4 | H23: Toán học 6A9,6A10,6A11,9A11 | I23: 16 | T23: 16 | U23: 20 | V23: 1
A24: 20 | B24: Nguyễn Thị Hiền | C24: Toán-Tin | F24: HĐ235 | H24: Toán học 8A10,8A11 | I24: 8 | J24: Tin học 9A8,9A9,9A10,9A11,9A12 | K24: 5 | L24: Hoạt động trải nghiệm, hướng nghiệp 7A7,7A8 | M24: 6 | T24: 19 | U24: 19 | V24: 0
A25: 21 | B25: Lương Thị Thu Hiền | C25: Tin học | F25: HĐ235 | H25: Tin học 6A7,6A8,6A9,6A10,6A11,7A7,7A8,7A9,7A10,7A11,8A7,8A8,8A9,8A10,8A11 | I25: 15 | J25: Công nghệ 7A8,7A9,7A10,7A11 | K25: 4 | T25: 19 | U25: 19 | V25: 0
A26: 22 | B26: Hà Thị Hải Yến | C26: Sinh-Kỹ | D26: 8A10 | E26: 4 | F26: Tổ phó | G26: 1 | H26: Khoa học tự nhiên (Sinh học) 9A8,9A9,9A10,9A11,9A12,8A10,6A7,6A8,6A9,6A10,6A11 | I26: 12 | J26: Hoạt động trải nghiệm, hướng nghiệp 8A10 | K26: 3 | T26: 15 | U26: 20 | V26: 1
A27: 23 | B27: Trần Thị Liễu | C27: Sinh-Hoá | F27: HĐK | H27: Khoa học tự nhiên (Hóa học) 7A7,7A8,7A9,7A10,7A11,8A7,8A8,8A9,8A10,8A11,9A8,9A9,9A10,9A11,9A12,6A7,6A8,6A9,6A10,6A11 | I27: 20 | T27: 20 | U27: 20 | V27: 1
A28: 24 | B28: Trần Thị Quỳnh Hằng | C28: Sinh | F28: HĐK | H28: Khoa học tự nhiên (Sinh học) 8A7,8A8,8A9,8A11 | I28: 8 | T28: 8 | U28: 8 | V28: 0
A29: 25 | B29: Nguyễn Ánh Hồng | C29: Sinh | F29: HĐK | H29: Khoa học tự nhiên (Sinh học) 7A8,7A9,7A10,7A11 | I29: 8 | T29: 8 | U29: 8 | V29: 0
A30: 26 | B30: Vũ Thị Bích Hằng | C30: Sinh(Hoá-Địa) | H30: Lịch sử và Địa Lý (Địa lý) 6A7,6A8,6A9,6A10,6A11,7A7,7A8,7A9,7A10,7A11 | I30: 15 | J30: Công nghệ 6A7,6A8,6A9,6A10 | K30: 4 | T30: 19 | U30: 19 | V30: 0
A31: 27 | B31: Chu Diệu Linh | C31: Địa | D31: 9A11 | E31: 4 | H31: Lịch sử và Địa Lý (Địa lý) 9A8,9A9,9A10,9A11,9A12,8A7,8A8,8A9,8A10,8A11 | I31: 15 | T31: 15 | U31: 19 | V31: 0
A32: 28 | B32: Trương Thị Thu Hương | C32: Lí-CN | D32: 7A11 | E32: 4 | H32: Khoa học tự nhiên (Vật lý) 9A8,9A9,9A10,9A11,9A12,7A7,7A8,7A9,7A10,7A11 | I32: 15 | T32: 15 | U32: 19 | V32: 0
A33: 29 | B33: Đỗ Thị Thu Hiền | C33: Lí | H33: Khoa học tự nhiên (Vật lý) 6A7,6A8,6A9,6A10,6A11,8A7,8A8,8A9,8A10,8A11 | I33: 15 | J33: Hoạt động trải nghiệm, hướng nghiệp 6A8,8A11 | K33: 4 | T33: 19 | U33: 19 | V33: 0
A34: 30 | B34: Lê Văn Hậu | C34: GDTC | H34: Giáo dục thể chất 6A7,6A8,6A9,6A10,6A11,7A7,7A8,7A9,7A10,7A11 | I34: 20 | T34: 20 | U34: 20 | V34: 1
A35: 31 | B35: GV môn GDTC | C35: GDTC | H35: Giáo dục thể chất 8A7,8A8,8A9,8A10,9A8,9A9,9A10,9A11,9A12 | I35: 18 | T35: 18 | U35: 18 | V35: -1
A36: 32 | B36: Bùi Đức Anh | C36: GDTC | F36: Trường chính | H36: Giáo dục thể chất 8A11 | I36: 2 | T36: 2 | U36: 2 | V36: 0
A37: 33 | B37: Lý Thị Duyên | C37: MT-Đội | D37: 6A10 | E37: 4 | H37: Nghệ thuật (Mỹ thuật) 6A7,6A8,6A9,6A10,6A11,8A7,8A8,8A9,8A10,8A11,9A8,9A9,9A10,9A11,9A12 | I37: 15 | T37: 15 | U37: 19 | V37: 0
A38: 34 | B38: Lê Thị Minh Anh | C38: Mĩ thuật | F38: HĐK | H38: Nghệ thuật (Mỹ thuật) 7A7,7A8,7A9,7A10 | I38: 4 | T38: 4 | U38: 4 | V38: 0
A39: 35 | B39: Ngô Thuý Vân | C39: MT-Đội | F39: Tổng phụ trách | G39: 8 | H39: Nghệ thuật (Mỹ thuật) 7A11 | I39: 1 | T39: 1 | U39: 1 | V39: 0
A40: 36 | B40: Nguyễn Thị Luyến | C40: Âm Nhạc | H40: Nghệ thuật (Âm nhạc) 6A7,6A8,6A9,6A10,6A11,7A7,7A8,7A9,7A10,7A11,8A7,8A8,8A9,8A10,8A11,9A8,9A9,9A10,9A11,9A12 | I40: 20 | T40: 20 | U40: 20 | V40: 1
A41: 37 | B41: Nguyễn Đình Tiến | C41: Tiếng Anh | D41: 9A8 | E41: 4 | H41: Tiếng Anh 9A8,9A9,7A7,7A8,7A9 | I41: 15 | T41: 15 | U41: 19 | V41: 0
A42: 38 | B42: Phan Thị Minh | C42: Tiếng Anh | D42: 6A9 | E42: 4 | F42: Tổ phó | G42: 1 | H42: Tiếng Anh 6A9,6A10,9A10,9A11 | I42: 12 | J42: Hoạt động trải nghiệm, hướng nghiệp 6A9 | K42: 3 | T42: 15 | U42: 20 | V42: 1
A43: 39 | B43: Trần Đức Ngân | C43: Tiếng Anh | D43: 8A11 | E43: 4 | H43: Tiếng Anh 8A7,8A9,8A10,8A11,9A12 | I43: 15 | J43: Hoạt động trải nghiệm, hướng nghiệp 8A11 | K43: 2 | T43: 17 | U43: 21 | V43: 2
A44: 40 | B44: Nguyễn Thị Hồng Minh | C44: Tiếng Anh | F44: HĐ235 | H44: Tiếng Anh 8A8,6A7,6A8,6A11,7A10,7A11 | I44: 16 | J44: Hoạt động trải nghiệm, hướng nghiệp 7A9 | K44: 3 | T44: 19 | U44: 19 | V44: 0
A45: 41 | B45: Bàng Như Quỳnh | C45: Tiếng Anh | F45: Trường chính | H45: Công nghệ 6A11 | I45: 1 | T45: 1 | U45: 1 | V45: 0
